compound,orca_atom_index,element,x_angstrom,y_angstrom,z_angstrom,chelpg_charge_e,source_geometry,source_chelpg_xyz,source_output
compound_08,0,S,10.550905,3.549742,0.814596,-0.48877824,/data/BIOFILM_INSILICO_SUPPORT/01_qm_orca_xtb/compound_08/geometries/compound_08_wb97xd3_def2svp_cpcm_water_opt_min.xyz,/data/BIOFILM_INSILICO_SUPPORT/01_qm_orca_xtb/compound_08/charges/compound_08_hf_631gstar_gas_chelpg.chelpg.xyz,/data/BIOFILM_INSILICO_SUPPORT/01_qm_orca_xtb/compound_08/charges/compound_08_hf_631gstar_gas_chelpg.out
compound_08,1,C,9.687892,2.379997,-0.036619,0.19211290,/data/BIOFILM_INSILICO_SUPPORT/01_qm_orca_xtb/compound_08/geometries/compound_08_wb97xd3_def2svp_cpcm_water_opt_min.xyz,/data/BIOFILM_INSILICO_SUPPORT/01_qm_orca_xtb/compound_08/charges/compound_08_hf_631gstar_gas_chelpg.chelpg.xyz,/data/BIOFILM_INSILICO_SUPPORT/01_qm_orca_xtb/compound_08/charges/compound_08_hf_631gstar_gas_chelpg.out
compound_08,2,N,10.242600,1.492936,-0.857142,-0.53989315,/data/BIOFILM_INSILICO_SUPPORT/01_qm_orca_xtb/compound_08/geometries/compound_08_wb97xd3_def2svp_cpcm_water_opt_min.xyz,/data/BIOFILM_INSILICO_SUPPORT/01_qm_orca_xtb/compound_08/charges/compound_08_hf_631gstar_gas_chelpg.chelpg.xyz,/data/BIOFILM_INSILICO_SUPPORT/01_qm_orca_xtb/compound_08/charges/compound_08_hf_631gstar_gas_chelpg.out
compound_08,3,N,8.331487,2.319935,0.092320,-0.00028340,/data/BIOFILM_INSILICO_SUPPORT/01_qm_orca_xtb/compound_08/geometries/compound_08_wb97xd3_def2svp_cpcm_water_opt_min.xyz,/data/BIOFILM_INSILICO_SUPPORT/01_qm_orca_xtb/compound_08/charges/compound_08_hf_631gstar_gas_chelpg.chelpg.xyz,/data/BIOFILM_INSILICO_SUPPORT/01_qm_orca_xtb/compound_08/charges/compound_08_hf_631gstar_gas_chelpg.out
compound_08,4,N,7.633834,1.322912,-0.504493,-0.26679157,/data/BIOFILM_INSILICO_SUPPORT/01_qm_orca_xtb/compound_08/geometries/compound_08_wb97xd3_def2svp_cpcm_water_opt_min.xyz,/data/BIOFILM_INSILICO_SUPPORT/01_qm_orca_xtb/compound_08/charges/compound_08_hf_631gstar_gas_chelpg.chelpg.xyz,/data/BIOFILM_INSILICO_SUPPORT/01_qm_orca_xtb/compound_08/charges/compound_08_hf_631gstar_gas_chelpg.out
compound_08,5,C,6.362316,1.318251,-0.407185,0.12856194,/data/BIOFILM_INSILICO_SUPPORT/01_qm_orca_xtb/compound_08/geometries/compound_08_wb97xd3_def2svp_cpcm_water_opt_min.xyz,/data/BIOFILM_INSILICO_SUPPORT/01_qm_orca_xtb/compound_08/charges/compound_08_hf_631gstar_gas_chelpg.chelpg.xyz,/data/BIOFILM_INSILICO_SUPPORT/01_qm_orca_xtb/compound_08/charges/compound_08_hf_631gstar_gas_chelpg.out
compound_08,6,C,5.555409,0.188711,-0.977428,-0.46568802,/data/BIOFILM_INSILICO_SUPPORT/01_qm_orca_xtb/compound_08/geometries/compound_08_wb97xd3_def2svp_cpcm_water_opt_min.xyz,/data/BIOFILM_INSILICO_SUPPORT/01_qm_orca_xtb/compound_08/charges/compound_08_hf_631gstar_gas_chelpg.chelpg.xyz,/data/BIOFILM_INSILICO_SUPPORT/01_qm_orca_xtb/compound_08/charges/compound_08_hf_631gstar_gas_chelpg.out
compound_08,7,C,4.571150,-0.336467,0.091815,0.46846905,/data/BIOFILM_INSILICO_SUPPORT/01_qm_orca_xtb/compound_08/geometries/compound_08_wb97xd3_def2svp_cpcm_water_opt_min.xyz,/data/BIOFILM_INSILICO_SUPPORT/01_qm_orca_xtb/compound_08/charges/compound_08_hf_631gstar_gas_chelpg.chelpg.xyz,/data/BIOFILM_INSILICO_SUPPORT/01_qm_orca_xtb/compound_08/charges/compound_08_hf_631gstar_gas_chelpg.out
compound_08,8,S,3.189072,-1.129741,-0.792214,-0.38006468,/data/BIOFILM_INSILICO_SUPPORT/01_qm_orca_xtb/compound_08/geometries/compound_08_wb97xd3_def2svp_cpcm_water_opt_min.xyz,/data/BIOFILM_INSILICO_SUPPORT/01_qm_orca_xtb/compound_08/charges/compound_08_hf_631gstar_gas_chelpg.chelpg.xyz,/data/BIOFILM_INSILICO_SUPPORT/01_qm_orca_xtb/compound_08/charges/compound_08_hf_631gstar_gas_chelpg.out
compound_08,9,C,2.468089,-2.110755,0.571200,-0.20166449,/data/BIOFILM_INSILICO_SUPPORT/01_qm_orca_xtb/compound_08/geometries/compound_08_wb97xd3_def2svp_cpcm_water_opt_min.xyz,/data/BIOFILM_INSILICO_SUPPORT/01_qm_orca_xtb/compound_08/charges/compound_08_hf_631gstar_gas_chelpg.chelpg.xyz,/data/BIOFILM_INSILICO_SUPPORT/01_qm_orca_xtb/compound_08/charges/compound_08_hf_631gstar_gas_chelpg.out
compound_08,10,C,1.456065,-3.136955,0.036424,0.48602338,/data/BIOFILM_INSILICO_SUPPORT/01_qm_orca_xtb/compound_08/geometries/compound_08_wb97xd3_def2svp_cpcm_water_opt_min.xyz,/data/BIOFILM_INSILICO_SUPPORT/01_qm_orca_xtb/compound_08/charges/compound_08_hf_631gstar_gas_chelpg.chelpg.xyz,/data/BIOFILM_INSILICO_SUPPORT/01_qm_orca_xtb/compound_08/charges/compound_08_hf_631gstar_gas_chelpg.out
compound_08,11,O,1.952285,-3.869170,-1.068623,-0.48500009,/data/BIOFILM_INSILICO_SUPPORT/01_qm_orca_xtb/compound_08/geometries/compound_08_wb97xd3_def2svp_cpcm_water_opt_min.xyz,/data/BIOFILM_INSILICO_SUPPORT/01_qm_orca_xtb/compound_08/charges/compound_08_hf_631gstar_gas_chelpg.chelpg.xyz,/data/BIOFILM_INSILICO_SUPPORT/01_qm_orca_xtb/compound_08/charges/compound_08_hf_631gstar_gas_chelpg.out
compound_08,12,C,2.831416,-4.860077,-0.827143,0.85170503,/data/BIOFILM_INSILICO_SUPPORT/01_qm_orca_xtb/compound_08/geometries/compound_08_wb97xd3_def2svp_cpcm_water_opt_min.xyz,/data/BIOFILM_INSILICO_SUPPORT/01_qm_orca_xtb/compound_08/charges/compound_08_hf_631gstar_gas_chelpg.chelpg.xyz,/data/BIOFILM_INSILICO_SUPPORT/01_qm_orca_xtb/compound_08/charges/compound_08_hf_631gstar_gas_chelpg.out
compound_08,13,C,3.263867,-5.519475,-2.099331,-0.55161440,/data/BIOFILM_INSILICO_SUPPORT/01_qm_orca_xtb/compound_08/geometries/compound_08_wb97xd3_def2svp_cpcm_water_opt_min.xyz,/data/BIOFILM_INSILICO_SUPPORT/01_qm_orca_xtb/compound_08/charges/compound_08_hf_631gstar_gas_chelpg.chelpg.xyz,/data/BIOFILM_INSILICO_SUPPORT/01_qm_orca_xtb/compound_08/charges/compound_08_hf_631gstar_gas_chelpg.out
compound_08,14,O,3.207293,-5.135250,0.284514,-0.61006546,/data/BIOFILM_INSILICO_SUPPORT/01_qm_orca_xtb/compound_08/geometries/compound_08_wb97xd3_def2svp_cpcm_water_opt_min.xyz,/data/BIOFILM_INSILICO_SUPPORT/01_qm_orca_xtb/compound_08/charges/compound_08_hf_631gstar_gas_chelpg.chelpg.xyz,/data/BIOFILM_INSILICO_SUPPORT/01_qm_orca_xtb/compound_08/charges/compound_08_hf_631gstar_gas_chelpg.out
compound_08,15,C,0.182119,-2.446231,-0.422102,0.24488945,/data/BIOFILM_INSILICO_SUPPORT/01_qm_orca_xtb/compound_08/geometries/compound_08_wb97xd3_def2svp_cpcm_water_opt_min.xyz,/data/BIOFILM_INSILICO_SUPPORT/01_qm_orca_xtb/compound_08/charges/compound_08_hf_631gstar_gas_chelpg.chelpg.xyz,/data/BIOFILM_INSILICO_SUPPORT/01_qm_orca_xtb/compound_08/charges/compound_08_hf_631gstar_gas_chelpg.out
compound_08,16,O,-0.803726,-3.425149,-0.722279,-0.57819114,/data/BIOFILM_INSILICO_SUPPORT/01_qm_orca_xtb/compound_08/geometries/compound_08_wb97xd3_def2svp_cpcm_water_opt_min.xyz,/data/BIOFILM_INSILICO_SUPPORT/01_qm_orca_xtb/compound_08/charges/compound_08_hf_631gstar_gas_chelpg.chelpg.xyz,/data/BIOFILM_INSILICO_SUPPORT/01_qm_orca_xtb/compound_08/charges/compound_08_hf_631gstar_gas_chelpg.out
compound_08,17,C,-1.078893,-3.698578,-2.010637,0.91979519,/data/BIOFILM_INSILICO_SUPPORT/01_qm_orca_xtb/compound_08/geometries/compound_08_wb97xd3_def2svp_cpcm_water_opt_min.xyz,/data/BIOFILM_INSILICO_SUPPORT/01_qm_orca_xtb/compound_08/charges/compound_08_hf_631gstar_gas_chelpg.chelpg.xyz,/data/BIOFILM_INSILICO_SUPPORT/01_qm_orca_xtb/compound_08/charges/compound_08_hf_631gstar_gas_chelpg.out
compound_08,18,C,-2.174138,-4.714341,-2.120347,-0.58301662,/data/BIOFILM_INSILICO_SUPPORT/01_qm_orca_xtb/compound_08/geometries/compound_08_wb97xd3_def2svp_cpcm_water_opt_min.xyz,/data/BIOFILM_INSILICO_SUPPORT/01_qm_orca_xtb/compound_08/charges/compound_08_hf_631gstar_gas_chelpg.chelpg.xyz,/data/BIOFILM_INSILICO_SUPPORT/01_qm_orca_xtb/compound_08/charges/compound_08_hf_631gstar_gas_chelpg.out
compound_08,19,O,-0.511390,-3.168777,-2.933089,-0.62099962,/data/BIOFILM_INSILICO_SUPPORT/01_qm_orca_xtb/compound_08/geometries/compound_08_wb97xd3_def2svp_cpcm_water_opt_min.xyz,/data/BIOFILM_INSILICO_SUPPORT/01_qm_orca_xtb/compound_08/charges/compound_08_hf_631gstar_gas_chelpg.chelpg.xyz,/data/BIOFILM_INSILICO_SUPPORT/01_qm_orca_xtb/compound_08/charges/compound_08_hf_631gstar_gas_chelpg.out
compound_08,20,C,-0.388440,-1.529594,0.653267,-0.04854296,/data/BIOFILM_INSILICO_SUPPORT/01_qm_orca_xtb/compound_08/geometries/compound_08_wb97xd3_def2svp_cpcm_water_opt_min.xyz,/data/BIOFILM_INSILICO_SUPPORT/01_qm_orca_xtb/compound_08/charges/compound_08_hf_631gstar_gas_chelpg.chelpg.xyz,/data/BIOFILM_INSILICO_SUPPORT/01_qm_orca_xtb/compound_08/charges/compound_08_hf_631gstar_gas_chelpg.out
compound_08,21,O,-1.393976,-0.724362,0.072415,-0.46313664,/data/BIOFILM_INSILICO_SUPPORT/01_qm_orca_xtb/compound_08/geometries/compound_08_wb97xd3_def2svp_cpcm_water_opt_min.xyz,/data/BIOFILM_INSILICO_SUPPORT/01_qm_orca_xtb/compound_08/charges/compound_08_hf_631gstar_gas_chelpg.chelpg.xyz,/data/BIOFILM_INSILICO_SUPPORT/01_qm_orca_xtb/compound_08/charges/compound_08_hf_631gstar_gas_chelpg.out
compound_08,22,C,-2.718724,-1.097661,0.299215,0.34724957,/data/BIOFILM_INSILICO_SUPPORT/01_qm_orca_xtb/compound_08/geometries/compound_08_wb97xd3_def2svp_cpcm_water_opt_min.xyz,/data/BIOFILM_INSILICO_SUPPORT/01_qm_orca_xtb/compound_08/charges/compound_08_hf_631gstar_gas_chelpg.chelpg.xyz,/data/BIOFILM_INSILICO_SUPPORT/01_qm_orca_xtb/compound_08/charges/compound_08_hf_631gstar_gas_chelpg.out
compound_08,23,C,-3.575984,-0.643986,-0.879837,0.01719861,/data/BIOFILM_INSILICO_SUPPORT/01_qm_orca_xtb/compound_08/geometries/compound_08_wb97xd3_def2svp_cpcm_water_opt_min.xyz,/data/BIOFILM_INSILICO_SUPPORT/01_qm_orca_xtb/compound_08/charges/compound_08_hf_631gstar_gas_chelpg.chelpg.xyz,/data/BIOFILM_INSILICO_SUPPORT/01_qm_orca_xtb/compound_08/charges/compound_08_hf_631gstar_gas_chelpg.out
compound_08,24,O,-3.046192,-1.131985,-2.099699,-0.44723845,/data/BIOFILM_INSILICO_SUPPORT/01_qm_orca_xtb/compound_08/geometries/compound_08_wb97xd3_def2svp_cpcm_water_opt_min.xyz,/data/BIOFILM_INSILICO_SUPPORT/01_qm_orca_xtb/compound_08/charges/compound_08_hf_631gstar_gas_chelpg.chelpg.xyz,/data/BIOFILM_INSILICO_SUPPORT/01_qm_orca_xtb/compound_08/charges/compound_08_hf_631gstar_gas_chelpg.out
compound_08,25,C,-3.908789,-1.655087,-3.001570,0.91541204,/data/BIOFILM_INSILICO_SUPPORT/01_qm_orca_xtb/compound_08/geometries/compound_08_wb97xd3_def2svp_cpcm_water_opt_min.xyz,/data/BIOFILM_INSILICO_SUPPORT/01_qm_orca_xtb/compound_08/charges/compound_08_hf_631gstar_gas_chelpg.chelpg.xyz,/data/BIOFILM_INSILICO_SUPPORT/01_qm_orca_xtb/compound_08/charges/compound_08_hf_631gstar_gas_chelpg.out
compound_08,26,C,-3.256659,-1.823949,-4.338050,-0.66780835,/data/BIOFILM_INSILICO_SUPPORT/01_qm_orca_xtb/compound_08/geometries/compound_08_wb97xd3_def2svp_cpcm_water_opt_min.xyz,/data/BIOFILM_INSILICO_SUPPORT/01_qm_orca_xtb/compound_08/charges/compound_08_hf_631gstar_gas_chelpg.chelpg.xyz,/data/BIOFILM_INSILICO_SUPPORT/01_qm_orca_xtb/compound_08/charges/compound_08_hf_631gstar_gas_chelpg.out
compound_08,27,O,-5.052493,-1.923663,-2.737142,-0.61270021,/data/BIOFILM_INSILICO_SUPPORT/01_qm_orca_xtb/compound_08/geometries/compound_08_wb97xd3_def2svp_cpcm_water_opt_min.xyz,/data/BIOFILM_INSILICO_SUPPORT/01_qm_orca_xtb/compound_08/charges/compound_08_hf_631gstar_gas_chelpg.chelpg.xyz,/data/BIOFILM_INSILICO_SUPPORT/01_qm_orca_xtb/compound_08/charges/compound_08_hf_631gstar_gas_chelpg.out
compound_08,28,C,-3.646364,0.873702,-0.954053,0.22183513,/data/BIOFILM_INSILICO_SUPPORT/01_qm_orca_xtb/compound_08/geometries/compound_08_wb97xd3_def2svp_cpcm_water_opt_min.xyz,/data/BIOFILM_INSILICO_SUPPORT/01_qm_orca_xtb/compound_08/charges/compound_08_hf_631gstar_gas_chelpg.chelpg.xyz,/data/BIOFILM_INSILICO_SUPPORT/01_qm_orca_xtb/compound_08/charges/compound_08_hf_631gstar_gas_chelpg.out
compound_08,29,O,-4.555573,1.187916,-2.001155,-0.50182536,/data/BIOFILM_INSILICO_SUPPORT/01_qm_orca_xtb/compound_08/geometries/compound_08_wb97xd3_def2svp_cpcm_water_opt_min.xyz,/data/BIOFILM_INSILICO_SUPPORT/01_qm_orca_xtb/compound_08/charges/compound_08_hf_631gstar_gas_chelpg.chelpg.xyz,/data/BIOFILM_INSILICO_SUPPORT/01_qm_orca_xtb/compound_08/charges/compound_08_hf_631gstar_gas_chelpg.out
compound_08,30,C,-4.305368,2.245741,-2.793391,0.94396110,/data/BIOFILM_INSILICO_SUPPORT/01_qm_orca_xtb/compound_08/geometries/compound_08_wb97xd3_def2svp_cpcm_water_opt_min.xyz,/data/BIOFILM_INSILICO_SUPPORT/01_qm_orca_xtb/compound_08/charges/compound_08_hf_631gstar_gas_chelpg.chelpg.xyz,/data/BIOFILM_INSILICO_SUPPORT/01_qm_orca_xtb/compound_08/charges/compound_08_hf_631gstar_gas_chelpg.out
compound_08,31,C,-5.377993,2.404554,-3.825988,-0.66026983,/data/BIOFILM_INSILICO_SUPPORT/01_qm_orca_xtb/compound_08/geometries/compound_08_wb97xd3_def2svp_cpcm_water_opt_min.xyz,/data/BIOFILM_INSILICO_SUPPORT/01_qm_orca_xtb/compound_08/charges/compound_08_hf_631gstar_gas_chelpg.chelpg.xyz,/data/BIOFILM_INSILICO_SUPPORT/01_qm_orca_xtb/compound_08/charges/compound_08_hf_631gstar_gas_chelpg.out
compound_08,32,O,-3.348162,2.964619,-2.648763,-0.63278689,/data/BIOFILM_INSILICO_SUPPORT/01_qm_orca_xtb/compound_08/geometries/compound_08_wb97xd3_def2svp_cpcm_water_opt_min.xyz,/data/BIOFILM_INSILICO_SUPPORT/01_qm_orca_xtb/compound_08/charges/compound_08_hf_631gstar_gas_chelpg.chelpg.xyz,/data/BIOFILM_INSILICO_SUPPORT/01_qm_orca_xtb/compound_08/charges/compound_08_hf_631gstar_gas_chelpg.out
compound_08,33,C,-4.130527,1.430021,0.378155,0.35788820,/data/BIOFILM_INSILICO_SUPPORT/01_qm_orca_xtb/compound_08/geometries/compound_08_wb97xd3_def2svp_cpcm_water_opt_min.xyz,/data/BIOFILM_INSILICO_SUPPORT/01_qm_orca_xtb/compound_08/charges/compound_08_hf_631gstar_gas_chelpg.chelpg.xyz,/data/BIOFILM_INSILICO_SUPPORT/01_qm_orca_xtb/compound_08/charges/compound_08_hf_631gstar_gas_chelpg.out
compound_08,34,O,-3.977116,2.843922,0.405031,-0.58259946,/data/BIOFILM_INSILICO_SUPPORT/01_qm_orca_xtb/compound_08/geometries/compound_08_wb97xd3_def2svp_cpcm_water_opt_min.xyz,/data/BIOFILM_INSILICO_SUPPORT/01_qm_orca_xtb/compound_08/charges/compound_08_hf_631gstar_gas_chelpg.chelpg.xyz,/data/BIOFILM_INSILICO_SUPPORT/01_qm_orca_xtb/compound_08/charges/compound_08_hf_631gstar_gas_chelpg.out
compound_08,35,C,-5.018972,3.625703,0.068363,0.99653277,/data/BIOFILM_INSILICO_SUPPORT/01_qm_orca_xtb/compound_08/geometries/compound_08_wb97xd3_def2svp_cpcm_water_opt_min.xyz,/data/BIOFILM_INSILICO_SUPPORT/01_qm_orca_xtb/compound_08/charges/compound_08_hf_631gstar_gas_chelpg.chelpg.xyz,/data/BIOFILM_INSILICO_SUPPORT/01_qm_orca_xtb/compound_08/charges/compound_08_hf_631gstar_gas_chelpg.out
compound_08,36,C,-4.636776,5.072856,0.111947,-0.67128705,/data/BIOFILM_INSILICO_SUPPORT/01_qm_orca_xtb/compound_08/geometries/compound_08_wb97xd3_def2svp_cpcm_water_opt_min.xyz,/data/BIOFILM_INSILICO_SUPPORT/01_qm_orca_xtb/compound_08/charges/compound_08_hf_631gstar_gas_chelpg.chelpg.xyz,/data/BIOFILM_INSILICO_SUPPORT/01_qm_orca_xtb/compound_08/charges/compound_08_hf_631gstar_gas_chelpg.out
compound_08,37,O,-6.097253,3.185900,-0.243848,-0.64794320,/data/BIOFILM_INSILICO_SUPPORT/01_qm_orca_xtb/compound_08/geometries/compound_08_wb97xd3_def2svp_cpcm_water_opt_min.xyz,/data/BIOFILM_INSILICO_SUPPORT/01_qm_orca_xtb/compound_08/charges/compound_08_hf_631gstar_gas_chelpg.chelpg.xyz,/data/BIOFILM_INSILICO_SUPPORT/01_qm_orca_xtb/compound_08/charges/compound_08_hf_631gstar_gas_chelpg.out
compound_08,38,C,-3.260467,0.883948,1.512724,0.15732183,/data/BIOFILM_INSILICO_SUPPORT/01_qm_orca_xtb/compound_08/geometries/compound_08_wb97xd3_def2svp_cpcm_water_opt_min.xyz,/data/BIOFILM_INSILICO_SUPPORT/01_qm_orca_xtb/compound_08/charges/compound_08_hf_631gstar_gas_chelpg.chelpg.xyz,/data/BIOFILM_INSILICO_SUPPORT/01_qm_orca_xtb/compound_08/charges/compound_08_hf_631gstar_gas_chelpg.out
compound_08,39,C,-3.753780,1.289757,2.885106,0.05455193,/data/BIOFILM_INSILICO_SUPPORT/01_qm_orca_xtb/compound_08/geometries/compound_08_wb97xd3_def2svp_cpcm_water_opt_min.xyz,/data/BIOFILM_INSILICO_SUPPORT/01_qm_orca_xtb/compound_08/charges/compound_08_hf_631gstar_gas_chelpg.chelpg.xyz,/data/BIOFILM_INSILICO_SUPPORT/01_qm_orca_xtb/compound_08/charges/compound_08_hf_631gstar_gas_chelpg.out
compound_08,40,O,-5.089280,0.837872,3.080431,-0.47206614,/data/BIOFILM_INSILICO_SUPPORT/01_qm_orca_xtb/compound_08/geometries/compound_08_wb97xd3_def2svp_cpcm_water_opt_min.xyz,/data/BIOFILM_INSILICO_SUPPORT/01_qm_orca_xtb/compound_08/charges/compound_08_hf_631gstar_gas_chelpg.chelpg.xyz,/data/BIOFILM_INSILICO_SUPPORT/01_qm_orca_xtb/compound_08/charges/compound_08_hf_631gstar_gas_chelpg.out
compound_08,41,C,-5.302273,-0.251642,3.835917,0.92656506,/data/BIOFILM_INSILICO_SUPPORT/01_qm_orca_xtb/compound_08/geometries/compound_08_wb97xd3_def2svp_cpcm_water_opt_min.xyz,/data/BIOFILM_INSILICO_SUPPORT/01_qm_orca_xtb/compound_08/charges/compound_08_hf_631gstar_gas_chelpg.chelpg.xyz,/data/BIOFILM_INSILICO_SUPPORT/01_qm_orca_xtb/compound_08/charges/compound_08_hf_631gstar_gas_chelpg.out
compound_08,42,C,-6.745835,-0.655951,3.796795,-0.64243729,/data/BIOFILM_INSILICO_SUPPORT/01_qm_orca_xtb/compound_08/geometries/compound_08_wb97xd3_def2svp_cpcm_water_opt_min.xyz,/data/BIOFILM_INSILICO_SUPPORT/01_qm_orca_xtb/compound_08/charges/compound_08_hf_631gstar_gas_chelpg.chelpg.xyz,/data/BIOFILM_INSILICO_SUPPORT/01_qm_orca_xtb/compound_08/charges/compound_08_hf_631gstar_gas_chelpg.out
compound_08,43,O,-4.433996,-0.812505,4.456762,-0.61145367,/data/BIOFILM_INSILICO_SUPPORT/01_qm_orca_xtb/compound_08/geometries/compound_08_wb97xd3_def2svp_cpcm_water_opt_min.xyz,/data/BIOFILM_INSILICO_SUPPORT/01_qm_orca_xtb/compound_08/charges/compound_08_hf_631gstar_gas_chelpg.chelpg.xyz,/data/BIOFILM_INSILICO_SUPPORT/01_qm_orca_xtb/compound_08/charges/compound_08_hf_631gstar_gas_chelpg.out
compound_08,44,O,-3.223008,-0.534158,1.476558,-0.49947445,/data/BIOFILM_INSILICO_SUPPORT/01_qm_orca_xtb/compound_08/geometries/compound_08_wb97xd3_def2svp_cpcm_water_opt_min.xyz,/data/BIOFILM_INSILICO_SUPPORT/01_qm_orca_xtb/compound_08/charges/compound_08_hf_631gstar_gas_chelpg.chelpg.xyz,/data/BIOFILM_INSILICO_SUPPORT/01_qm_orca_xtb/compound_08/charges/compound_08_hf_631gstar_gas_chelpg.out
compound_08,45,C,0.704888,-0.610221,1.203947,0.25993727,/data/BIOFILM_INSILICO_SUPPORT/01_qm_orca_xtb/compound_08/geometries/compound_08_wb97xd3_def2svp_cpcm_water_opt_min.xyz,/data/BIOFILM_INSILICO_SUPPORT/01_qm_orca_xtb/compound_08/charges/compound_08_hf_631gstar_gas_chelpg.chelpg.xyz,/data/BIOFILM_INSILICO_SUPPORT/01_qm_orca_xtb/compound_08/charges/compound_08_hf_631gstar_gas_chelpg.out
compound_08,46,C,0.263649,0.135243,2.449012,0.12284041,/data/BIOFILM_INSILICO_SUPPORT/01_qm_orca_xtb/compound_08/geometries/compound_08_wb97xd3_def2svp_cpcm_water_opt_min.xyz,/data/BIOFILM_INSILICO_SUPPORT/01_qm_orca_xtb/compound_08/charges/compound_08_hf_631gstar_gas_chelpg.chelpg.xyz,/data/BIOFILM_INSILICO_SUPPORT/01_qm_orca_xtb/compound_08/charges/compound_08_hf_631gstar_gas_chelpg.out
compound_08,47,O,1.090177,1.271441,2.683038,-0.51625582,/data/BIOFILM_INSILICO_SUPPORT/01_qm_orca_xtb/compound_08/geometries/compound_08_wb97xd3_def2svp_cpcm_water_opt_min.xyz,/data/BIOFILM_INSILICO_SUPPORT/01_qm_orca_xtb/compound_08/charges/compound_08_hf_631gstar_gas_chelpg.chelpg.xyz,/data/BIOFILM_INSILICO_SUPPORT/01_qm_orca_xtb/compound_08/charges/compound_08_hf_631gstar_gas_chelpg.out
compound_08,48,C,0.764036,2.414249,2.058248,0.96381241,/data/BIOFILM_INSILICO_SUPPORT/01_qm_orca_xtb/compound_08/geometries/compound_08_wb97xd3_def2svp_cpcm_water_opt_min.xyz,/data/BIOFILM_INSILICO_SUPPORT/01_qm_orca_xtb/compound_08/charges/compound_08_hf_631gstar_gas_chelpg.chelpg.xyz,/data/BIOFILM_INSILICO_SUPPORT/01_qm_orca_xtb/compound_08/charges/compound_08_hf_631gstar_gas_chelpg.out
compound_08,49,C,1.776203,3.489390,2.307181,-0.67185713,/data/BIOFILM_INSILICO_SUPPORT/01_qm_orca_xtb/compound_08/geometries/compound_08_wb97xd3_def2svp_cpcm_water_opt_min.xyz,/data/BIOFILM_INSILICO_SUPPORT/01_qm_orca_xtb/compound_08/charges/compound_08_hf_631gstar_gas_chelpg.chelpg.xyz,/data/BIOFILM_INSILICO_SUPPORT/01_qm_orca_xtb/compound_08/charges/compound_08_hf_631gstar_gas_chelpg.out
compound_08,50,O,-0.218152,2.521292,1.362586,-0.65094765,/data/BIOFILM_INSILICO_SUPPORT/01_qm_orca_xtb/compound_08/geometries/compound_08_wb97xd3_def2svp_cpcm_water_opt_min.xyz,/data/BIOFILM_INSILICO_SUPPORT/01_qm_orca_xtb/compound_08/charges/compound_08_hf_631gstar_gas_chelpg.chelpg.xyz,/data/BIOFILM_INSILICO_SUPPORT/01_qm_orca_xtb/compound_08/charges/compound_08_hf_631gstar_gas_chelpg.out
compound_08,51,O,1.854224,-1.351595,1.573410,-0.44687901,/data/BIOFILM_INSILICO_SUPPORT/01_qm_orca_xtb/compound_08/geometries/compound_08_wb97xd3_def2svp_cpcm_water_opt_min.xyz,/data/BIOFILM_INSILICO_SUPPORT/01_qm_orca_xtb/compound_08/charges/compound_08_hf_631gstar_gas_chelpg.chelpg.xyz,/data/BIOFILM_INSILICO_SUPPORT/01_qm_orca_xtb/compound_08/charges/compound_08_hf_631gstar_gas_chelpg.out
compound_08,52,C,4.128187,0.834168,0.997911,0.06665824,/data/BIOFILM_INSILICO_SUPPORT/01_qm_orca_xtb/compound_08/geometries/compound_08_wb97xd3_def2svp_cpcm_water_opt_min.xyz,/data/BIOFILM_INSILICO_SUPPORT/01_qm_orca_xtb/compound_08/charges/compound_08_hf_631gstar_gas_chelpg.chelpg.xyz,/data/BIOFILM_INSILICO_SUPPORT/01_qm_orca_xtb/compound_08/charges/compound_08_hf_631gstar_gas_chelpg.out
compound_08,53,O,4.191267,2.040447,0.239405,-0.50490017,/data/BIOFILM_INSILICO_SUPPORT/01_qm_orca_xtb/compound_08/geometries/compound_08_wb97xd3_def2svp_cpcm_water_opt_min.xyz,/data/BIOFILM_INSILICO_SUPPORT/01_qm_orca_xtb/compound_08/charges/compound_08_hf_631gstar_gas_chelpg.chelpg.xyz,/data/BIOFILM_INSILICO_SUPPORT/01_qm_orca_xtb/compound_08/charges/compound_08_hf_631gstar_gas_chelpg.out
compound_08,54,C,5.543168,2.367886,0.349394,0.50689272,/data/BIOFILM_INSILICO_SUPPORT/01_qm_orca_xtb/compound_08/geometries/compound_08_wb97xd3_def2svp_cpcm_water_opt_min.xyz,/data/BIOFILM_INSILICO_SUPPORT/01_qm_orca_xtb/compound_08/charges/compound_08_hf_631gstar_gas_chelpg.chelpg.xyz,/data/BIOFILM_INSILICO_SUPPORT/01_qm_orca_xtb/compound_08/charges/compound_08_hf_631gstar_gas_chelpg.out
compound_08,55,O,5.830885,2.281432,1.721304,-0.40689052,/data/BIOFILM_INSILICO_SUPPORT/01_qm_orca_xtb/compound_08/geometries/compound_08_wb97xd3_def2svp_cpcm_water_opt_min.xyz,/data/BIOFILM_INSILICO_SUPPORT/01_qm_orca_xtb/compound_08/charges/compound_08_hf_631gstar_gas_chelpg.chelpg.xyz,/data/BIOFILM_INSILICO_SUPPORT/01_qm_orca_xtb/compound_08/charges/compound_08_hf_631gstar_gas_chelpg.out
compound_08,56,C,5.100644,1.138326,2.168611,0.01078701,/data/BIOFILM_INSILICO_SUPPORT/01_qm_orca_xtb/compound_08/geometries/compound_08_wb97xd3_def2svp_cpcm_water_opt_min.xyz,/data/BIOFILM_INSILICO_SUPPORT/01_qm_orca_xtb/compound_08/charges/compound_08_hf_631gstar_gas_chelpg.chelpg.xyz,/data/BIOFILM_INSILICO_SUPPORT/01_qm_orca_xtb/compound_08/charges/compound_08_hf_631gstar_gas_chelpg.out
compound_08,57,H,9.665339,0.799183,-1.321859,0.31112450,/data/BIOFILM_INSILICO_SUPPORT/01_qm_orca_xtb/compound_08/geometries/compound_08_wb97xd3_def2svp_cpcm_water_opt_min.xyz,/data/BIOFILM_INSILICO_SUPPORT/01_qm_orca_xtb/compound_08/charges/compound_08_hf_631gstar_gas_chelpg.chelpg.xyz,/data/BIOFILM_INSILICO_SUPPORT/01_qm_orca_xtb/compound_08/charges/compound_08_hf_631gstar_gas_chelpg.out
compound_08,58,H,11.246049,1.491873,-0.982643,0.34720198,/data/BIOFILM_INSILICO_SUPPORT/01_qm_orca_xtb/compound_08/geometries/compound_08_wb97xd3_def2svp_cpcm_water_opt_min.xyz,/data/BIOFILM_INSILICO_SUPPORT/01_qm_orca_xtb/compound_08/charges/compound_08_hf_631gstar_gas_chelpg.chelpg.xyz,/data/BIOFILM_INSILICO_SUPPORT/01_qm_orca_xtb/compound_08/charges/compound_08_hf_631gstar_gas_chelpg.out
compound_08,59,H,7.911343,2.926758,0.794278,0.18050534,/data/BIOFILM_INSILICO_SUPPORT/01_qm_orca_xtb/compound_08/geometries/compound_08_wb97xd3_def2svp_cpcm_water_opt_min.xyz,/data/BIOFILM_INSILICO_SUPPORT/01_qm_orca_xtb/compound_08/charges/compound_08_hf_631gstar_gas_chelpg.chelpg.xyz,/data/BIOFILM_INSILICO_SUPPORT/01_qm_orca_xtb/compound_08/charges/compound_08_hf_631gstar_gas_chelpg.out
compound_08,60,H,6.214459,-0.607578,-1.344731,0.13571360,/data/BIOFILM_INSILICO_SUPPORT/01_qm_orca_xtb/compound_08/geometries/compound_08_wb97xd3_def2svp_cpcm_water_opt_min.xyz,/data/BIOFILM_INSILICO_SUPPORT/01_qm_orca_xtb/compound_08/charges/compound_08_hf_631gstar_gas_chelpg.chelpg.xyz,/data/BIOFILM_INSILICO_SUPPORT/01_qm_orca_xtb/compound_08/charges/compound_08_hf_631gstar_gas_chelpg.out
compound_08,61,H,4.980075,0.579475,-1.833962,0.21498150,/data/BIOFILM_INSILICO_SUPPORT/01_qm_orca_xtb/compound_08/geometries/compound_08_wb97xd3_def2svp_cpcm_water_opt_min.xyz,/data/BIOFILM_INSILICO_SUPPORT/01_qm_orca_xtb/compound_08/charges/compound_08_hf_631gstar_gas_chelpg.chelpg.xyz,/data/BIOFILM_INSILICO_SUPPORT/01_qm_orca_xtb/compound_08/charges/compound_08_hf_631gstar_gas_chelpg.out
compound_08,62,H,5.055502,-1.110324,0.706971,0.00449547,/data/BIOFILM_INSILICO_SUPPORT/01_qm_orca_xtb/compound_08/geometries/compound_08_wb97xd3_def2svp_cpcm_water_opt_min.xyz,/data/BIOFILM_INSILICO_SUPPORT/01_qm_orca_xtb/compound_08/charges/compound_08_hf_631gstar_gas_chelpg.chelpg.xyz,/data/BIOFILM_INSILICO_SUPPORT/01_qm_orca_xtb/compound_08/charges/compound_08_hf_631gstar_gas_chelpg.out
compound_08,63,H,3.293753,-2.640966,1.064143,0.21926655,/data/BIOFILM_INSILICO_SUPPORT/01_qm_orca_xtb/compound_08/geometries/compound_08_wb97xd3_def2svp_cpcm_water_opt_min.xyz,/data/BIOFILM_INSILICO_SUPPORT/01_qm_orca_xtb/compound_08/charges/compound_08_hf_631gstar_gas_chelpg.chelpg.xyz,/data/BIOFILM_INSILICO_SUPPORT/01_qm_orca_xtb/compound_08/charges/compound_08_hf_631gstar_gas_chelpg.out
compound_08,64,H,1.226587,-3.824970,0.865345,0.03632032,/data/BIOFILM_INSILICO_SUPPORT/01_qm_orca_xtb/compound_08/geometries/compound_08_wb97xd3_def2svp_cpcm_water_opt_min.xyz,/data/BIOFILM_INSILICO_SUPPORT/01_qm_orca_xtb/compound_08/charges/compound_08_hf_631gstar_gas_chelpg.chelpg.xyz,/data/BIOFILM_INSILICO_SUPPORT/01_qm_orca_xtb/compound_08/charges/compound_08_hf_631gstar_gas_chelpg.out
compound_08,65,H,3.852704,-4.798969,-2.686046,0.16652092,/data/BIOFILM_INSILICO_SUPPORT/01_qm_orca_xtb/compound_08/geometries/compound_08_wb97xd3_def2svp_cpcm_water_opt_min.xyz,/data/BIOFILM_INSILICO_SUPPORT/01_qm_orca_xtb/compound_08/charges/compound_08_hf_631gstar_gas_chelpg.chelpg.xyz,/data/BIOFILM_INSILICO_SUPPORT/01_qm_orca_xtb/compound_08/charges/compound_08_hf_631gstar_gas_chelpg.out
compound_08,66,H,3.874520,-6.400120,-1.873733,0.16192143,/data/BIOFILM_INSILICO_SUPPORT/01_qm_orca_xtb/compound_08/geometries/compound_08_wb97xd3_def2svp_cpcm_water_opt_min.xyz,/data/BIOFILM_INSILICO_SUPPORT/01_qm_orca_xtb/compound_08/charges/compound_08_hf_631gstar_gas_chelpg.chelpg.xyz,/data/BIOFILM_INSILICO_SUPPORT/01_qm_orca_xtb/compound_08/charges/compound_08_hf_631gstar_gas_chelpg.out
compound_08,67,H,2.385992,-5.798225,-2.697584,0.17300974,/data/BIOFILM_INSILICO_SUPPORT/01_qm_orca_xtb/compound_08/geometries/compound_08_wb97xd3_def2svp_cpcm_water_opt_min.xyz,/data/BIOFILM_INSILICO_SUPPORT/01_qm_orca_xtb/compound_08/charges/compound_08_hf_631gstar_gas_chelpg.chelpg.xyz,/data/BIOFILM_INSILICO_SUPPORT/01_qm_orca_xtb/compound_08/charges/compound_08_hf_631gstar_gas_chelpg.out
compound_08,68,H,0.383500,-1.851896,-1.326141,0.16392881,/data/BIOFILM_INSILICO_SUPPORT/01_qm_orca_xtb/compound_08/geometries/compound_08_wb97xd3_def2svp_cpcm_water_opt_min.xyz,/data/BIOFILM_INSILICO_SUPPORT/01_qm_orca_xtb/compound_08/charges/compound_08_hf_631gstar_gas_chelpg.chelpg.xyz,/data/BIOFILM_INSILICO_SUPPORT/01_qm_orca_xtb/compound_08/charges/compound_08_hf_631gstar_gas_chelpg.out
compound_08,69,H,-3.099312,-4.298058,-1.694581,0.17907555,/data/BIOFILM_INSILICO_SUPPORT/01_qm_orca_xtb/compound_08/geometries/compound_08_wb97xd3_def2svp_cpcm_water_opt_min.xyz,/data/BIOFILM_INSILICO_SUPPORT/01_qm_orca_xtb/compound_08/charges/compound_08_hf_631gstar_gas_chelpg.chelpg.xyz,/data/BIOFILM_INSILICO_SUPPORT/01_qm_orca_xtb/compound_08/charges/compound_08_hf_631gstar_gas_chelpg.out
compound_08,70,H,-2.332978,-4.981855,-3.170601,0.16283222,/data/BIOFILM_INSILICO_SUPPORT/01_qm_orca_xtb/compound_08/geometries/compound_08_wb97xd3_def2svp_cpcm_water_opt_min.xyz,/data/BIOFILM_INSILICO_SUPPORT/01_qm_orca_xtb/compound_08/charges/compound_08_hf_631gstar_gas_chelpg.chelpg.xyz,/data/BIOFILM_INSILICO_SUPPORT/01_qm_orca_xtb/compound_08/charges/compound_08_hf_631gstar_gas_chelpg.out
compound_08,71,H,-1.913915,-5.606161,-1.533756,0.17540872,/data/BIOFILM_INSILICO_SUPPORT/01_qm_orca_xtb/compound_08/geometries/compound_08_wb97xd3_def2svp_cpcm_water_opt_min.xyz,/data/BIOFILM_INSILICO_SUPPORT/01_qm_orca_xtb/compound_08/charges/compound_08_hf_631gstar_gas_chelpg.chelpg.xyz,/data/BIOFILM_INSILICO_SUPPORT/01_qm_orca_xtb/compound_08/charges/compound_08_hf_631gstar_gas_chelpg.out
compound_08,72,H,-0.802437,-2.141918,1.473972,0.13115256,/data/BIOFILM_INSILICO_SUPPORT/01_qm_orca_xtb/compound_08/geometries/compound_08_wb97xd3_def2svp_cpcm_water_opt_min.xyz,/data/BIOFILM_INSILICO_SUPPORT/01_qm_orca_xtb/compound_08/charges/compound_08_hf_631gstar_gas_chelpg.chelpg.xyz,/data/BIOFILM_INSILICO_SUPPORT/01_qm_orca_xtb/compound_08/charges/compound_08_hf_631gstar_gas_chelpg.out
compound_08,73,H,-2.802740,-2.187288,0.426464,0.12301265,/data/BIOFILM_INSILICO_SUPPORT/01_qm_orca_xtb/compound_08/geometries/compound_08_wb97xd3_def2svp_cpcm_water_opt_min.xyz,/data/BIOFILM_INSILICO_SUPPORT/01_qm_orca_xtb/compound_08/charges/compound_08_hf_631gstar_gas_chelpg.chelpg.xyz,/data/BIOFILM_INSILICO_SUPPORT/01_qm_orca_xtb/compound_08/charges/compound_08_hf_631gstar_gas_chelpg.out
compound_08,74,H,-4.587158,-1.048911,-0.732642,0.11880210,/data/BIOFILM_INSILICO_SUPPORT/01_qm_orca_xtb/compound_08/geometries/compound_08_wb97xd3_def2svp_cpcm_water_opt_min.xyz,/data/BIOFILM_INSILICO_SUPPORT/01_qm_orca_xtb/compound_08/charges/compound_08_hf_631gstar_gas_chelpg.chelpg.xyz,/data/BIOFILM_INSILICO_SUPPORT/01_qm_orca_xtb/compound_08/charges/compound_08_hf_631gstar_gas_chelpg.out
compound_08,75,H,-3.137557,-0.826154,-4.787141,0.19391540,/data/BIOFILM_INSILICO_SUPPORT/01_qm_orca_xtb/compound_08/geometries/compound_08_wb97xd3_def2svp_cpcm_water_opt_min.xyz,/data/BIOFILM_INSILICO_SUPPORT/01_qm_orca_xtb/compound_08/charges/compound_08_hf_631gstar_gas_chelpg.chelpg.xyz,/data/BIOFILM_INSILICO_SUPPORT/01_qm_orca_xtb/compound_08/charges/compound_08_hf_631gstar_gas_chelpg.out
compound_08,76,H,-2.257495,-2.264892,-4.228644,0.21716544,/data/BIOFILM_INSILICO_SUPPORT/01_qm_orca_xtb/compound_08/geometries/compound_08_wb97xd3_def2svp_cpcm_water_opt_min.xyz,/data/BIOFILM_INSILICO_SUPPORT/01_qm_orca_xtb/compound_08/charges/compound_08_hf_631gstar_gas_chelpg.chelpg.xyz,/data/BIOFILM_INSILICO_SUPPORT/01_qm_orca_xtb/compound_08/charges/compound_08_hf_631gstar_gas_chelpg.out
compound_08,77,H,-3.889959,-2.442099,-4.983587,0.17021231,/data/BIOFILM_INSILICO_SUPPORT/01_qm_orca_xtb/compound_08/geometries/compound_08_wb97xd3_def2svp_cpcm_water_opt_min.xyz,/data/BIOFILM_INSILICO_SUPPORT/01_qm_orca_xtb/compound_08/charges/compound_08_hf_631gstar_gas_chelpg.chelpg.xyz,/data/BIOFILM_INSILICO_SUPPORT/01_qm_orca_xtb/compound_08/charges/compound_08_hf_631gstar_gas_chelpg.out
compound_08,78,H,-2.655986,1.290474,-1.189934,0.11837603,/data/BIOFILM_INSILICO_SUPPORT/01_qm_orca_xtb/compound_08/geometries/compound_08_wb97xd3_def2svp_cpcm_water_opt_min.xyz,/data/BIOFILM_INSILICO_SUPPORT/01_qm_orca_xtb/compound_08/charges/compound_08_hf_631gstar_gas_chelpg.chelpg.xyz,/data/BIOFILM_INSILICO_SUPPORT/01_qm_orca_xtb/compound_08/charges/compound_08_hf_631gstar_gas_chelpg.out
compound_08,79,H,-5.576018,1.443395,-4.318752,0.19032960,/data/BIOFILM_INSILICO_SUPPORT/01_qm_orca_xtb/compound_08/geometries/compound_08_wb97xd3_def2svp_cpcm_water_opt_min.xyz,/data/BIOFILM_INSILICO_SUPPORT/01_qm_orca_xtb/compound_08/charges/compound_08_hf_631gstar_gas_chelpg.chelpg.xyz,/data/BIOFILM_INSILICO_SUPPORT/01_qm_orca_xtb/compound_08/charges/compound_08_hf_631gstar_gas_chelpg.out
compound_08,80,H,-6.301156,2.720060,-3.317677,0.20745687,/data/BIOFILM_INSILICO_SUPPORT/01_qm_orca_xtb/compound_08/geometries/compound_08_wb97xd3_def2svp_cpcm_water_opt_min.xyz,/data/BIOFILM_INSILICO_SUPPORT/01_qm_orca_xtb/compound_08/charges/compound_08_hf_631gstar_gas_chelpg.chelpg.xyz,/data/BIOFILM_INSILICO_SUPPORT/01_qm_orca_xtb/compound_08/charges/compound_08_hf_631gstar_gas_chelpg.out
compound_08,81,H,-5.082351,3.163531,-4.558054,0.17142449,/data/BIOFILM_INSILICO_SUPPORT/01_qm_orca_xtb/compound_08/geometries/compound_08_wb97xd3_def2svp_cpcm_water_opt_min.xyz,/data/BIOFILM_INSILICO_SUPPORT/01_qm_orca_xtb/compound_08/charges/compound_08_hf_631gstar_gas_chelpg.chelpg.xyz,/data/BIOFILM_INSILICO_SUPPORT/01_qm_orca_xtb/compound_08/charges/compound_08_hf_631gstar_gas_chelpg.out
compound_08,82,H,-5.186967,1.164597,0.530563,0.04824105,/data/BIOFILM_INSILICO_SUPPORT/01_qm_orca_xtb/compound_08/geometries/compound_08_wb97xd3_def2svp_cpcm_water_opt_min.xyz,/data/BIOFILM_INSILICO_SUPPORT/01_qm_orca_xtb/compound_08/charges/compound_08_hf_631gstar_gas_chelpg.chelpg.xyz,/data/BIOFILM_INSILICO_SUPPORT/01_qm_orca_xtb/compound_08/charges/compound_08_hf_631gstar_gas_chelpg.out
compound_08,83,H,-4.180292,5.314910,1.081109,0.18840021,/data/BIOFILM_INSILICO_SUPPORT/01_qm_orca_xtb/compound_08/geometries/compound_08_wb97xd3_def2svp_cpcm_water_opt_min.xyz,/data/BIOFILM_INSILICO_SUPPORT/01_qm_orca_xtb/compound_08/charges/compound_08_hf_631gstar_gas_chelpg.chelpg.xyz,/data/BIOFILM_INSILICO_SUPPORT/01_qm_orca_xtb/compound_08/charges/compound_08_hf_631gstar_gas_chelpg.out
compound_08,84,H,-3.884425,5.256585,-0.668958,0.21132504,/data/BIOFILM_INSILICO_SUPPORT/01_qm_orca_xtb/compound_08/geometries/compound_08_wb97xd3_def2svp_cpcm_water_opt_min.xyz,/data/BIOFILM_INSILICO_SUPPORT/01_qm_orca_xtb/compound_08/charges/compound_08_hf_631gstar_gas_chelpg.chelpg.xyz,/data/BIOFILM_INSILICO_SUPPORT/01_qm_orca_xtb/compound_08/charges/compound_08_hf_631gstar_gas_chelpg.out
compound_08,85,H,-5.518265,5.697699,-0.066252,0.17229613,/data/BIOFILM_INSILICO_SUPPORT/01_qm_orca_xtb/compound_08/geometries/compound_08_wb97xd3_def2svp_cpcm_water_opt_min.xyz,/data/BIOFILM_INSILICO_SUPPORT/01_qm_orca_xtb/compound_08/charges/compound_08_hf_631gstar_gas_chelpg.chelpg.xyz,/data/BIOFILM_INSILICO_SUPPORT/01_qm_orca_xtb/compound_08/charges/compound_08_hf_631gstar_gas_chelpg.out
compound_08,86,H,-2.247856,1.304362,1.381965,0.10224752,/data/BIOFILM_INSILICO_SUPPORT/01_qm_orca_xtb/compound_08/geometries/compound_08_wb97xd3_def2svp_cpcm_water_opt_min.xyz,/data/BIOFILM_INSILICO_SUPPORT/01_qm_orca_xtb/compound_08/charges/compound_08_hf_631gstar_gas_chelpg.chelpg.xyz,/data/BIOFILM_INSILICO_SUPPORT/01_qm_orca_xtb/compound_08/charges/compound_08_hf_631gstar_gas_chelpg.out
compound_08,87,H,-3.094881,0.867080,3.654697,0.09279141,/data/BIOFILM_INSILICO_SUPPORT/01_qm_orca_xtb/compound_08/geometries/compound_08_wb97xd3_def2svp_cpcm_water_opt_min.xyz,/data/BIOFILM_INSILICO_SUPPORT/01_qm_orca_xtb/compound_08/charges/compound_08_hf_631gstar_gas_chelpg.chelpg.xyz,/data/BIOFILM_INSILICO_SUPPORT/01_qm_orca_xtb/compound_08/charges/compound_08_hf_631gstar_gas_chelpg.out
compound_08,88,H,-3.763534,2.383937,2.968014,0.08655608,/data/BIOFILM_INSILICO_SUPPORT/01_qm_orca_xtb/compound_08/geometries/compound_08_wb97xd3_def2svp_cpcm_water_opt_min.xyz,/data/BIOFILM_INSILICO_SUPPORT/01_qm_orca_xtb/compound_08/charges/compound_08_hf_631gstar_gas_chelpg.chelpg.xyz,/data/BIOFILM_INSILICO_SUPPORT/01_qm_orca_xtb/compound_08/charges/compound_08_hf_631gstar_gas_chelpg.out
compound_08,89,H,-6.997543,-0.983921,2.777595,0.18622665,/data/BIOFILM_INSILICO_SUPPORT/01_qm_orca_xtb/compound_08/geometries/compound_08_wb97xd3_def2svp_cpcm_water_opt_min.xyz,/data/BIOFILM_INSILICO_SUPPORT/01_qm_orca_xtb/compound_08/charges/compound_08_hf_631gstar_gas_chelpg.chelpg.xyz,/data/BIOFILM_INSILICO_SUPPORT/01_qm_orca_xtb/compound_08/charges/compound_08_hf_631gstar_gas_chelpg.out
compound_08,90,H,-6.924814,-1.472189,4.505010,0.17452469,/data/BIOFILM_INSILICO_SUPPORT/01_qm_orca_xtb/compound_08/geometries/compound_08_wb97xd3_def2svp_cpcm_water_opt_min.xyz,/data/BIOFILM_INSILICO_SUPPORT/01_qm_orca_xtb/compound_08/charges/compound_08_hf_631gstar_gas_chelpg.chelpg.xyz,/data/BIOFILM_INSILICO_SUPPORT/01_qm_orca_xtb/compound_08/charges/compound_08_hf_631gstar_gas_chelpg.out
compound_08,91,H,-7.384264,0.205428,4.036026,0.18299538,/data/BIOFILM_INSILICO_SUPPORT/01_qm_orca_xtb/compound_08/geometries/compound_08_wb97xd3_def2svp_cpcm_water_opt_min.xyz,/data/BIOFILM_INSILICO_SUPPORT/01_qm_orca_xtb/compound_08/charges/compound_08_hf_631gstar_gas_chelpg.chelpg.xyz,/data/BIOFILM_INSILICO_SUPPORT/01_qm_orca_xtb/compound_08/charges/compound_08_hf_631gstar_gas_chelpg.out
compound_08,92,H,0.958422,0.113111,0.406321,0.10286737,/data/BIOFILM_INSILICO_SUPPORT/01_qm_orca_xtb/compound_08/geometries/compound_08_wb97xd3_def2svp_cpcm_water_opt_min.xyz,/data/BIOFILM_INSILICO_SUPPORT/01_qm_orca_xtb/compound_08/charges/compound_08_hf_631gstar_gas_chelpg.chelpg.xyz,/data/BIOFILM_INSILICO_SUPPORT/01_qm_orca_xtb/compound_08/charges/compound_08_hf_631gstar_gas_chelpg.out
compound_08,93,H,0.384150,-0.516627,3.323315,0.09759846,/data/BIOFILM_INSILICO_SUPPORT/01_qm_orca_xtb/compound_08/geometries/compound_08_wb97xd3_def2svp_cpcm_water_opt_min.xyz,/data/BIOFILM_INSILICO_SUPPORT/01_qm_orca_xtb/compound_08/charges/compound_08_hf_631gstar_gas_chelpg.chelpg.xyz,/data/BIOFILM_INSILICO_SUPPORT/01_qm_orca_xtb/compound_08/charges/compound_08_hf_631gstar_gas_chelpg.out
compound_08,94,H,-0.784297,0.440147,2.366626,0.07231452,/data/BIOFILM_INSILICO_SUPPORT/01_qm_orca_xtb/compound_08/geometries/compound_08_wb97xd3_def2svp_cpcm_water_opt_min.xyz,/data/BIOFILM_INSILICO_SUPPORT/01_qm_orca_xtb/compound_08/charges/compound_08_hf_631gstar_gas_chelpg.chelpg.xyz,/data/BIOFILM_INSILICO_SUPPORT/01_qm_orca_xtb/compound_08/charges/compound_08_hf_631gstar_gas_chelpg.out
compound_08,95,H,1.366396,4.461121,2.010632,0.18107179,/data/BIOFILM_INSILICO_SUPPORT/01_qm_orca_xtb/compound_08/geometries/compound_08_wb97xd3_def2svp_cpcm_water_opt_min.xyz,/data/BIOFILM_INSILICO_SUPPORT/01_qm_orca_xtb/compound_08/charges/compound_08_hf_631gstar_gas_chelpg.chelpg.xyz,/data/BIOFILM_INSILICO_SUPPORT/01_qm_orca_xtb/compound_08/charges/compound_08_hf_631gstar_gas_chelpg.out
compound_08,96,H,2.666416,3.270082,1.696733,0.22650548,/data/BIOFILM_INSILICO_SUPPORT/01_qm_orca_xtb/compound_08/geometries/compound_08_wb97xd3_def2svp_cpcm_water_opt_min.xyz,/data/BIOFILM_INSILICO_SUPPORT/01_qm_orca_xtb/compound_08/charges/compound_08_hf_631gstar_gas_chelpg.chelpg.xyz,/data/BIOFILM_INSILICO_SUPPORT/01_qm_orca_xtb/compound_08/charges/compound_08_hf_631gstar_gas_chelpg.out
compound_08,97,H,2.080522,3.497883,3.361681,0.18372051,/data/BIOFILM_INSILICO_SUPPORT/01_qm_orca_xtb/compound_08/geometries/compound_08_wb97xd3_def2svp_cpcm_water_opt_min.xyz,/data/BIOFILM_INSILICO_SUPPORT/01_qm_orca_xtb/compound_08/charges/compound_08_hf_631gstar_gas_chelpg.chelpg.xyz,/data/BIOFILM_INSILICO_SUPPORT/01_qm_orca_xtb/compound_08/charges/compound_08_hf_631gstar_gas_chelpg.out
compound_08,98,H,3.105974,0.698356,1.361119,0.14166164,/data/BIOFILM_INSILICO_SUPPORT/01_qm_orca_xtb/compound_08/geometries/compound_08_wb97xd3_def2svp_cpcm_water_opt_min.xyz,/data/BIOFILM_INSILICO_SUPPORT/01_qm_orca_xtb/compound_08/charges/compound_08_hf_631gstar_gas_chelpg.chelpg.xyz,/data/BIOFILM_INSILICO_SUPPORT/01_qm_orca_xtb/compound_08/charges/compound_08_hf_631gstar_gas_chelpg.out
compound_08,99,H,5.718546,3.392854,-0.010666,0.06863336,/data/BIOFILM_INSILICO_SUPPORT/01_qm_orca_xtb/compound_08/geometries/compound_08_wb97xd3_def2svp_cpcm_water_opt_min.xyz,/data/BIOFILM_INSILICO_SUPPORT/01_qm_orca_xtb/compound_08/charges/compound_08_hf_631gstar_gas_chelpg.chelpg.xyz,/data/BIOFILM_INSILICO_SUPPORT/01_qm_orca_xtb/compound_08/charges/compound_08_hf_631gstar_gas_chelpg.out
compound_08,100,H,5.778387,0.297262,2.384385,0.08515650,/data/BIOFILM_INSILICO_SUPPORT/01_qm_orca_xtb/compound_08/geometries/compound_08_wb97xd3_def2svp_cpcm_water_opt_min.xyz,/data/BIOFILM_INSILICO_SUPPORT/01_qm_orca_xtb/compound_08/charges/compound_08_hf_631gstar_gas_chelpg.chelpg.xyz,/data/BIOFILM_INSILICO_SUPPORT/01_qm_orca_xtb/compound_08/charges/compound_08_hf_631gstar_gas_chelpg.out
compound_08,101,H,4.554430,1.407310,3.082806,0.09106203,/data/BIOFILM_INSILICO_SUPPORT/01_qm_orca_xtb/compound_08/geometries/compound_08_wb97xd3_def2svp_cpcm_water_opt_min.xyz,/data/BIOFILM_INSILICO_SUPPORT/01_qm_orca_xtb/compound_08/charges/compound_08_hf_631gstar_gas_chelpg.chelpg.xyz,/data/BIOFILM_INSILICO_SUPPORT/01_qm_orca_xtb/compound_08/charges/compound_08_hf_631gstar_gas_chelpg.out
compound_09,0,S,6.190131,-2.901646,1.730530,-0.50127246,/data/BIOFILM_INSILICO_SUPPORT/01_qm_orca_xtb/compound_09/geometries/compound_09_wb97xd3_def2svp_cpcm_water_minimum.xyz,/data/BIOFILM_INSILICO_SUPPORT/01_qm_orca_xtb/compound_09/charges/compound_09_hf_631gstar_gas_chelpg.chelpg.xyz,/data/BIOFILM_INSILICO_SUPPORT/01_qm_orca_xtb/compound_09/charges/compound_09_hf_631gstar_gas_chelpg.out
compound_09,1,C,5.050184,-1.663722,1.640610,0.16367980,/data/BIOFILM_INSILICO_SUPPORT/01_qm_orca_xtb/compound_09/geometries/compound_09_wb97xd3_def2svp_cpcm_water_minimum.xyz,/data/BIOFILM_INSILICO_SUPPORT/01_qm_orca_xtb/compound_09/charges/compound_09_hf_631gstar_gas_chelpg.chelpg.xyz,/data/BIOFILM_INSILICO_SUPPORT/01_qm_orca_xtb/compound_09/charges/compound_09_hf_631gstar_gas_chelpg.out
compound_09,2,N,4.326749,-1.241821,2.676185,-0.52200266,/data/BIOFILM_INSILICO_SUPPORT/01_qm_orca_xtb/compound_09/geometries/compound_09_wb97xd3_def2svp_cpcm_water_minimum.xyz,/data/BIOFILM_INSILICO_SUPPORT/01_qm_orca_xtb/compound_09/charges/compound_09_hf_631gstar_gas_chelpg.chelpg.xyz,/data/BIOFILM_INSILICO_SUPPORT/01_qm_orca_xtb/compound_09/charges/compound_09_hf_631gstar_gas_chelpg.out
compound_09,3,N,4.831108,-1.037222,0.450058,0.01875997,/data/BIOFILM_INSILICO_SUPPORT/01_qm_orca_xtb/compound_09/geometries/compound_09_wb97xd3_def2svp_cpcm_water_minimum.xyz,/data/BIOFILM_INSILICO_SUPPORT/01_qm_orca_xtb/compound_09/charges/compound_09_hf_631gstar_gas_chelpg.chelpg.xyz,/data/BIOFILM_INSILICO_SUPPORT/01_qm_orca_xtb/compound_09/charges/compound_09_hf_631gstar_gas_chelpg.out
compound_09,4,N,3.991119,0.019366,0.397817,-0.29654155,/data/BIOFILM_INSILICO_SUPPORT/01_qm_orca_xtb/compound_09/geometries/compound_09_wb97xd3_def2svp_cpcm_water_minimum.xyz,/data/BIOFILM_INSILICO_SUPPORT/01_qm_orca_xtb/compound_09/charges/compound_09_hf_631gstar_gas_chelpg.chelpg.xyz,/data/BIOFILM_INSILICO_SUPPORT/01_qm_orca_xtb/compound_09/charges/compound_09_hf_631gstar_gas_chelpg.out
compound_09,5,C,3.695847,0.591789,-0.701252,0.25372704,/data/BIOFILM_INSILICO_SUPPORT/01_qm_orca_xtb/compound_09/geometries/compound_09_wb97xd3_def2svp_cpcm_water_minimum.xyz,/data/BIOFILM_INSILICO_SUPPORT/01_qm_orca_xtb/compound_09/charges/compound_09_hf_631gstar_gas_chelpg.chelpg.xyz,/data/BIOFILM_INSILICO_SUPPORT/01_qm_orca_xtb/compound_09/charges/compound_09_hf_631gstar_gas_chelpg.out
compound_09,6,C,2.761791,1.768729,-0.672183,-0.35331795,/data/BIOFILM_INSILICO_SUPPORT/01_qm_orca_xtb/compound_09/geometries/compound_09_wb97xd3_def2svp_cpcm_water_minimum.xyz,/data/BIOFILM_INSILICO_SUPPORT/01_qm_orca_xtb/compound_09/charges/compound_09_hf_631gstar_gas_chelpg.chelpg.xyz,/data/BIOFILM_INSILICO_SUPPORT/01_qm_orca_xtb/compound_09/charges/compound_09_hf_631gstar_gas_chelpg.out
compound_09,7,C,1.655075,1.590202,-1.723482,0.06020804,/data/BIOFILM_INSILICO_SUPPORT/01_qm_orca_xtb/compound_09/geometries/compound_09_wb97xd3_def2svp_cpcm_water_minimum.xyz,/data/BIOFILM_INSILICO_SUPPORT/01_qm_orca_xtb/compound_09/charges/compound_09_hf_631gstar_gas_chelpg.chelpg.xyz,/data/BIOFILM_INSILICO_SUPPORT/01_qm_orca_xtb/compound_09/charges/compound_09_hf_631gstar_gas_chelpg.out
compound_09,8,S,0.413152,0.339758,-1.227780,-0.29326569,/data/BIOFILM_INSILICO_SUPPORT/01_qm_orca_xtb/compound_09/geometries/compound_09_wb97xd3_def2svp_cpcm_water_minimum.xyz,/data/BIOFILM_INSILICO_SUPPORT/01_qm_orca_xtb/compound_09/charges/compound_09_hf_631gstar_gas_chelpg.chelpg.xyz,/data/BIOFILM_INSILICO_SUPPORT/01_qm_orca_xtb/compound_09/charges/compound_09_hf_631gstar_gas_chelpg.out
compound_09,9,C,-0.268869,1.125844,0.271585,0.23303128,/data/BIOFILM_INSILICO_SUPPORT/01_qm_orca_xtb/compound_09/geometries/compound_09_wb97xd3_def2svp_cpcm_water_minimum.xyz,/data/BIOFILM_INSILICO_SUPPORT/01_qm_orca_xtb/compound_09/charges/compound_09_hf_631gstar_gas_chelpg.chelpg.xyz,/data/BIOFILM_INSILICO_SUPPORT/01_qm_orca_xtb/compound_09/charges/compound_09_hf_631gstar_gas_chelpg.out
compound_09,10,C,-1.030514,0.077176,1.113555,-0.01370939,/data/BIOFILM_INSILICO_SUPPORT/01_qm_orca_xtb/compound_09/geometries/compound_09_wb97xd3_def2svp_cpcm_water_minimum.xyz,/data/BIOFILM_INSILICO_SUPPORT/01_qm_orca_xtb/compound_09/charges/compound_09_hf_631gstar_gas_chelpg.chelpg.xyz,/data/BIOFILM_INSILICO_SUPPORT/01_qm_orca_xtb/compound_09/charges/compound_09_hf_631gstar_gas_chelpg.out
compound_09,11,O,-0.366030,-1.176234,1.166254,-0.44151917,/data/BIOFILM_INSILICO_SUPPORT/01_qm_orca_xtb/compound_09/geometries/compound_09_wb97xd3_def2svp_cpcm_water_minimum.xyz,/data/BIOFILM_INSILICO_SUPPORT/01_qm_orca_xtb/compound_09/charges/compound_09_hf_631gstar_gas_chelpg.chelpg.xyz,/data/BIOFILM_INSILICO_SUPPORT/01_qm_orca_xtb/compound_09/charges/compound_09_hf_631gstar_gas_chelpg.out
compound_09,12,C,0.812572,-1.271355,1.797147,0.91292265,/data/BIOFILM_INSILICO_SUPPORT/01_qm_orca_xtb/compound_09/geometries/compound_09_wb97xd3_def2svp_cpcm_water_minimum.xyz,/data/BIOFILM_INSILICO_SUPPORT/01_qm_orca_xtb/compound_09/charges/compound_09_hf_631gstar_gas_chelpg.chelpg.xyz,/data/BIOFILM_INSILICO_SUPPORT/01_qm_orca_xtb/compound_09/charges/compound_09_hf_631gstar_gas_chelpg.out
compound_09,13,C,1.420418,-2.626875,1.617226,-0.55624603,/data/BIOFILM_INSILICO_SUPPORT/01_qm_orca_xtb/compound_09/geometries/compound_09_wb97xd3_def2svp_cpcm_water_minimum.xyz,/data/BIOFILM_INSILICO_SUPPORT/01_qm_orca_xtb/compound_09/charges/compound_09_hf_631gstar_gas_chelpg.chelpg.xyz,/data/BIOFILM_INSILICO_SUPPORT/01_qm_orca_xtb/compound_09/charges/compound_09_hf_631gstar_gas_chelpg.out
compound_09,14,O,1.312260,-0.344381,2.391848,-0.61484564,/data/BIOFILM_INSILICO_SUPPORT/01_qm_orca_xtb/compound_09/geometries/compound_09_wb97xd3_def2svp_cpcm_water_minimum.xyz,/data/BIOFILM_INSILICO_SUPPORT/01_qm_orca_xtb/compound_09/charges/compound_09_hf_631gstar_gas_chelpg.chelpg.xyz,/data/BIOFILM_INSILICO_SUPPORT/01_qm_orca_xtb/compound_09/charges/compound_09_hf_631gstar_gas_chelpg.out
compound_09,15,C,-2.408055,-0.213694,0.537233,0.43279595,/data/BIOFILM_INSILICO_SUPPORT/01_qm_orca_xtb/compound_09/geometries/compound_09_wb97xd3_def2svp_cpcm_water_minimum.xyz,/data/BIOFILM_INSILICO_SUPPORT/01_qm_orca_xtb/compound_09/charges/compound_09_hf_631gstar_gas_chelpg.chelpg.xyz,/data/BIOFILM_INSILICO_SUPPORT/01_qm_orca_xtb/compound_09/charges/compound_09_hf_631gstar_gas_chelpg.out
compound_09,16,O,-3.141285,-0.975575,1.484679,-0.55713891,/data/BIOFILM_INSILICO_SUPPORT/01_qm_orca_xtb/compound_09/geometries/compound_09_wb97xd3_def2svp_cpcm_water_minimum.xyz,/data/BIOFILM_INSILICO_SUPPORT/01_qm_orca_xtb/compound_09/charges/compound_09_hf_631gstar_gas_chelpg.chelpg.xyz,/data/BIOFILM_INSILICO_SUPPORT/01_qm_orca_xtb/compound_09/charges/compound_09_hf_631gstar_gas_chelpg.out
compound_09,17,C,-3.555261,-2.211803,1.146752,0.94052196,/data/BIOFILM_INSILICO_SUPPORT/01_qm_orca_xtb/compound_09/geometries/compound_09_wb97xd3_def2svp_cpcm_water_minimum.xyz,/data/BIOFILM_INSILICO_SUPPORT/01_qm_orca_xtb/compound_09/charges/compound_09_hf_631gstar_gas_chelpg.chelpg.xyz,/data/BIOFILM_INSILICO_SUPPORT/01_qm_orca_xtb/compound_09/charges/compound_09_hf_631gstar_gas_chelpg.out
compound_09,18,C,-4.300776,-2.851800,2.277557,-0.61934814,/data/BIOFILM_INSILICO_SUPPORT/01_qm_orca_xtb/compound_09/geometries/compound_09_wb97xd3_def2svp_cpcm_water_minimum.xyz,/data/BIOFILM_INSILICO_SUPPORT/01_qm_orca_xtb/compound_09/charges/compound_09_hf_631gstar_gas_chelpg.chelpg.xyz,/data/BIOFILM_INSILICO_SUPPORT/01_qm_orca_xtb/compound_09/charges/compound_09_hf_631gstar_gas_chelpg.out
compound_09,19,O,-3.342439,-2.710963,0.071043,-0.62770745,/data/BIOFILM_INSILICO_SUPPORT/01_qm_orca_xtb/compound_09/geometries/compound_09_wb97xd3_def2svp_cpcm_water_minimum.xyz,/data/BIOFILM_INSILICO_SUPPORT/01_qm_orca_xtb/compound_09/charges/compound_09_hf_631gstar_gas_chelpg.chelpg.xyz,/data/BIOFILM_INSILICO_SUPPORT/01_qm_orca_xtb/compound_09/charges/compound_09_hf_631gstar_gas_chelpg.out
compound_09,20,C,-3.158218,1.070955,0.242706,0.09083645,/data/BIOFILM_INSILICO_SUPPORT/01_qm_orca_xtb/compound_09/geometries/compound_09_wb97xd3_def2svp_cpcm_water_minimum.xyz,/data/BIOFILM_INSILICO_SUPPORT/01_qm_orca_xtb/compound_09/charges/compound_09_hf_631gstar_gas_chelpg.chelpg.xyz,/data/BIOFILM_INSILICO_SUPPORT/01_qm_orca_xtb/compound_09/charges/compound_09_hf_631gstar_gas_chelpg.out
compound_09,21,O,-4.341305,0.706714,-0.455630,-0.54006137,/data/BIOFILM_INSILICO_SUPPORT/01_qm_orca_xtb/compound_09/geometries/compound_09_wb97xd3_def2svp_cpcm_water_minimum.xyz,/data/BIOFILM_INSILICO_SUPPORT/01_qm_orca_xtb/compound_09/charges/compound_09_hf_631gstar_gas_chelpg.chelpg.xyz,/data/BIOFILM_INSILICO_SUPPORT/01_qm_orca_xtb/compound_09/charges/compound_09_hf_631gstar_gas_chelpg.out
compound_09,22,C,-5.442863,1.458811,-0.276260,0.96887796,/data/BIOFILM_INSILICO_SUPPORT/01_qm_orca_xtb/compound_09/geometries/compound_09_wb97xd3_def2svp_cpcm_water_minimum.xyz,/data/BIOFILM_INSILICO_SUPPORT/01_qm_orca_xtb/compound_09/charges/compound_09_hf_631gstar_gas_chelpg.chelpg.xyz,/data/BIOFILM_INSILICO_SUPPORT/01_qm_orca_xtb/compound_09/charges/compound_09_hf_631gstar_gas_chelpg.out
compound_09,23,C,-6.601266,0.913071,-1.054019,-0.64851135,/data/BIOFILM_INSILICO_SUPPORT/01_qm_orca_xtb/compound_09/geometries/compound_09_wb97xd3_def2svp_cpcm_water_minimum.xyz,/data/BIOFILM_INSILICO_SUPPORT/01_qm_orca_xtb/compound_09/charges/compound_09_hf_631gstar_gas_chelpg.chelpg.xyz,/data/BIOFILM_INSILICO_SUPPORT/01_qm_orca_xtb/compound_09/charges/compound_09_hf_631gstar_gas_chelpg.out
compound_09,24,O,-5.456691,2.440500,0.423053,-0.62488013,/data/BIOFILM_INSILICO_SUPPORT/01_qm_orca_xtb/compound_09/geometries/compound_09_wb97xd3_def2svp_cpcm_water_minimum.xyz,/data/BIOFILM_INSILICO_SUPPORT/01_qm_orca_xtb/compound_09/charges/compound_09_hf_631gstar_gas_chelpg.chelpg.xyz,/data/BIOFILM_INSILICO_SUPPORT/01_qm_orca_xtb/compound_09/charges/compound_09_hf_631gstar_gas_chelpg.out
compound_09,25,C,-2.295453,1.990652,-0.615793,0.16466534,/data/BIOFILM_INSILICO_SUPPORT/01_qm_orca_xtb/compound_09/geometries/compound_09_wb97xd3_def2svp_cpcm_water_minimum.xyz,/data/BIOFILM_INSILICO_SUPPORT/01_qm_orca_xtb/compound_09/charges/compound_09_hf_631gstar_gas_chelpg.chelpg.xyz,/data/BIOFILM_INSILICO_SUPPORT/01_qm_orca_xtb/compound_09/charges/compound_09_hf_631gstar_gas_chelpg.out
compound_09,26,O,-1.070554,2.245745,0.036457,-0.49287075,/data/BIOFILM_INSILICO_SUPPORT/01_qm_orca_xtb/compound_09/geometries/compound_09_wb97xd3_def2svp_cpcm_water_minimum.xyz,/data/BIOFILM_INSILICO_SUPPORT/01_qm_orca_xtb/compound_09/charges/compound_09_hf_631gstar_gas_chelpg.chelpg.xyz,/data/BIOFILM_INSILICO_SUPPORT/01_qm_orca_xtb/compound_09/charges/compound_09_hf_631gstar_gas_chelpg.out
compound_09,27,C,2.277302,1.077495,-3.032194,0.11257992,/data/BIOFILM_INSILICO_SUPPORT/01_qm_orca_xtb/compound_09/geometries/compound_09_wb97xd3_def2svp_cpcm_water_minimum.xyz,/data/BIOFILM_INSILICO_SUPPORT/01_qm_orca_xtb/compound_09/charges/compound_09_hf_631gstar_gas_chelpg.chelpg.xyz,/data/BIOFILM_INSILICO_SUPPORT/01_qm_orca_xtb/compound_09/charges/compound_09_hf_631gstar_gas_chelpg.out
compound_09,28,O,2.910652,-0.177106,-2.787019,-0.36479809,/data/BIOFILM_INSILICO_SUPPORT/01_qm_orca_xtb/compound_09/geometries/compound_09_wb97xd3_def2svp_cpcm_water_minimum.xyz,/data/BIOFILM_INSILICO_SUPPORT/01_qm_orca_xtb/compound_09/charges/compound_09_hf_631gstar_gas_chelpg.chelpg.xyz,/data/BIOFILM_INSILICO_SUPPORT/01_qm_orca_xtb/compound_09/charges/compound_09_hf_631gstar_gas_chelpg.out
compound_09,29,C,4.089152,0.192371,-2.121114,0.24926203,/data/BIOFILM_INSILICO_SUPPORT/01_qm_orca_xtb/compound_09/geometries/compound_09_wb97xd3_def2svp_cpcm_water_minimum.xyz,/data/BIOFILM_INSILICO_SUPPORT/01_qm_orca_xtb/compound_09/charges/compound_09_hf_631gstar_gas_chelpg.chelpg.xyz,/data/BIOFILM_INSILICO_SUPPORT/01_qm_orca_xtb/compound_09/charges/compound_09_hf_631gstar_gas_chelpg.out
compound_09,30,O,4.575470,1.321793,-2.805964,-0.38727930,/data/BIOFILM_INSILICO_SUPPORT/01_qm_orca_xtb/compound_09/geometries/compound_09_wb97xd3_def2svp_cpcm_water_minimum.xyz,/data/BIOFILM_INSILICO_SUPPORT/01_qm_orca_xtb/compound_09/charges/compound_09_hf_631gstar_gas_chelpg.chelpg.xyz,/data/BIOFILM_INSILICO_SUPPORT/01_qm_orca_xtb/compound_09/charges/compound_09_hf_631gstar_gas_chelpg.out
compound_09,31,C,3.474732,1.919579,-3.490688,-0.01745561,/data/BIOFILM_INSILICO_SUPPORT/01_qm_orca_xtb/compound_09/geometries/compound_09_wb97xd3_def2svp_cpcm_water_minimum.xyz,/data/BIOFILM_INSILICO_SUPPORT/01_qm_orca_xtb/compound_09/charges/compound_09_hf_631gstar_gas_chelpg.chelpg.xyz,/data/BIOFILM_INSILICO_SUPPORT/01_qm_orca_xtb/compound_09/charges/compound_09_hf_631gstar_gas_chelpg.out
compound_09,32,H,3.550321,-0.595398,2.540075,0.30293819,/data/BIOFILM_INSILICO_SUPPORT/01_qm_orca_xtb/compound_09/geometries/compound_09_wb97xd3_def2svp_cpcm_water_minimum.xyz,/data/BIOFILM_INSILICO_SUPPORT/01_qm_orca_xtb/compound_09/charges/compound_09_hf_631gstar_gas_chelpg.chelpg.xyz,/data/BIOFILM_INSILICO_SUPPORT/01_qm_orca_xtb/compound_09/charges/compound_09_hf_631gstar_gas_chelpg.out
compound_09,33,H,4.429338,-1.719020,3.562282,0.34469023,/data/BIOFILM_INSILICO_SUPPORT/01_qm_orca_xtb/compound_09/geometries/compound_09_wb97xd3_def2svp_cpcm_water_minimum.xyz,/data/BIOFILM_INSILICO_SUPPORT/01_qm_orca_xtb/compound_09/charges/compound_09_hf_631gstar_gas_chelpg.chelpg.xyz,/data/BIOFILM_INSILICO_SUPPORT/01_qm_orca_xtb/compound_09/charges/compound_09_hf_631gstar_gas_chelpg.out
compound_09,34,H,5.374413,-1.361050,-0.347427,0.18990237,/data/BIOFILM_INSILICO_SUPPORT/01_qm_orca_xtb/compound_09/geometries/compound_09_wb97xd3_def2svp_cpcm_water_minimum.xyz,/data/BIOFILM_INSILICO_SUPPORT/01_qm_orca_xtb/compound_09/charges/compound_09_hf_631gstar_gas_chelpg.chelpg.xyz,/data/BIOFILM_INSILICO_SUPPORT/01_qm_orca_xtb/compound_09/charges/compound_09_hf_631gstar_gas_chelpg.out
compound_09,35,H,2.370394,1.902088,0.343679,0.13484081,/data/BIOFILM_INSILICO_SUPPORT/01_qm_orca_xtb/compound_09/geometries/compound_09_wb97xd3_def2svp_cpcm_water_minimum.xyz,/data/BIOFILM_INSILICO_SUPPORT/01_qm_orca_xtb/compound_09/charges/compound_09_hf_631gstar_gas_chelpg.chelpg.xyz,/data/BIOFILM_INSILICO_SUPPORT/01_qm_orca_xtb/compound_09/charges/compound_09_hf_631gstar_gas_chelpg.out
compound_09,36,H,3.328572,2.684061,-0.911132,0.15673008,/data/BIOFILM_INSILICO_SUPPORT/01_qm_orca_xtb/compound_09/geometries/compound_09_wb97xd3_def2svp_cpcm_water_minimum.xyz,/data/BIOFILM_INSILICO_SUPPORT/01_qm_orca_xtb/compound_09/charges/compound_09_hf_631gstar_gas_chelpg.chelpg.xyz,/data/BIOFILM_INSILICO_SUPPORT/01_qm_orca_xtb/compound_09/charges/compound_09_hf_631gstar_gas_chelpg.out
compound_09,37,H,1.137212,2.542500,-1.909976,0.10649254,/data/BIOFILM_INSILICO_SUPPORT/01_qm_orca_xtb/compound_09/geometries/compound_09_wb97xd3_def2svp_cpcm_water_minimum.xyz,/data/BIOFILM_INSILICO_SUPPORT/01_qm_orca_xtb/compound_09/charges/compound_09_hf_631gstar_gas_chelpg.chelpg.xyz,/data/BIOFILM_INSILICO_SUPPORT/01_qm_orca_xtb/compound_09/charges/compound_09_hf_631gstar_gas_chelpg.out
compound_09,38,H,0.573514,1.488601,0.870392,0.14602698,/data/BIOFILM_INSILICO_SUPPORT/01_qm_orca_xtb/compound_09/geometries/compound_09_wb97xd3_def2svp_cpcm_water_minimum.xyz,/data/BIOFILM_INSILICO_SUPPORT/01_qm_orca_xtb/compound_09/charges/compound_09_hf_631gstar_gas_chelpg.chelpg.xyz,/data/BIOFILM_INSILICO_SUPPORT/01_qm_orca_xtb/compound_09/charges/compound_09_hf_631gstar_gas_chelpg.out
compound_09,39,H,-1.135062,0.486869,2.130973,0.11184002,/data/BIOFILM_INSILICO_SUPPORT/01_qm_orca_xtb/compound_09/geometries/compound_09_wb97xd3_def2svp_cpcm_water_minimum.xyz,/data/BIOFILM_INSILICO_SUPPORT/01_qm_orca_xtb/compound_09/charges/compound_09_hf_631gstar_gas_chelpg.chelpg.xyz,/data/BIOFILM_INSILICO_SUPPORT/01_qm_orca_xtb/compound_09/charges/compound_09_hf_631gstar_gas_chelpg.out
compound_09,40,H,2.079068,-2.860568,2.460853,0.16207120,/data/BIOFILM_INSILICO_SUPPORT/01_qm_orca_xtb/compound_09/geometries/compound_09_wb97xd3_def2svp_cpcm_water_minimum.xyz,/data/BIOFILM_INSILICO_SUPPORT/01_qm_orca_xtb/compound_09/charges/compound_09_hf_631gstar_gas_chelpg.chelpg.xyz,/data/BIOFILM_INSILICO_SUPPORT/01_qm_orca_xtb/compound_09/charges/compound_09_hf_631gstar_gas_chelpg.out
compound_09,41,H,2.026646,-2.595227,0.697610,0.16421791,/data/BIOFILM_INSILICO_SUPPORT/01_qm_orca_xtb/compound_09/geometries/compound_09_wb97xd3_def2svp_cpcm_water_minimum.xyz,/data/BIOFILM_INSILICO_SUPPORT/01_qm_orca_xtb/compound_09/charges/compound_09_hf_631gstar_gas_chelpg.chelpg.xyz,/data/BIOFILM_INSILICO_SUPPORT/01_qm_orca_xtb/compound_09/charges/compound_09_hf_631gstar_gas_chelpg.out
compound_09,42,H,0.647363,-3.394272,1.493507,0.16532706,/data/BIOFILM_INSILICO_SUPPORT/01_qm_orca_xtb/compound_09/geometries/compound_09_wb97xd3_def2svp_cpcm_water_minimum.xyz,/data/BIOFILM_INSILICO_SUPPORT/01_qm_orca_xtb/compound_09/charges/compound_09_hf_631gstar_gas_chelpg.chelpg.xyz,/data/BIOFILM_INSILICO_SUPPORT/01_qm_orca_xtb/compound_09/charges/compound_09_hf_631gstar_gas_chelpg.out
compound_09,43,H,-2.304793,-0.797371,-0.390233,0.10733578,/data/BIOFILM_INSILICO_SUPPORT/01_qm_orca_xtb/compound_09/geometries/compound_09_wb97xd3_def2svp_cpcm_water_minimum.xyz,/data/BIOFILM_INSILICO_SUPPORT/01_qm_orca_xtb/compound_09/charges/compound_09_hf_631gstar_gas_chelpg.chelpg.xyz,/data/BIOFILM_INSILICO_SUPPORT/01_qm_orca_xtb/compound_09/charges/compound_09_hf_631gstar_gas_chelpg.out
compound_09,44,H,-5.185616,-2.246147,2.520099,0.17907844,/data/BIOFILM_INSILICO_SUPPORT/01_qm_orca_xtb/compound_09/geometries/compound_09_wb97xd3_def2svp_cpcm_water_minimum.xyz,/data/BIOFILM_INSILICO_SUPPORT/01_qm_orca_xtb/compound_09/charges/compound_09_hf_631gstar_gas_chelpg.chelpg.xyz,/data/BIOFILM_INSILICO_SUPPORT/01_qm_orca_xtb/compound_09/charges/compound_09_hf_631gstar_gas_chelpg.out
compound_09,45,H,-4.603862,-3.866062,1.996821,0.17327342,/data/BIOFILM_INSILICO_SUPPORT/01_qm_orca_xtb/compound_09/geometries/compound_09_wb97xd3_def2svp_cpcm_water_minimum.xyz,/data/BIOFILM_INSILICO_SUPPORT/01_qm_orca_xtb/compound_09/charges/compound_09_hf_631gstar_gas_chelpg.chelpg.xyz,/data/BIOFILM_INSILICO_SUPPORT/01_qm_orca_xtb/compound_09/charges/compound_09_hf_631gstar_gas_chelpg.out
compound_09,46,H,-3.661729,-2.878689,3.171294,0.18005053,/data/BIOFILM_INSILICO_SUPPORT/01_qm_orca_xtb/compound_09/geometries/compound_09_wb97xd3_def2svp_cpcm_water_minimum.xyz,/data/BIOFILM_INSILICO_SUPPORT/01_qm_orca_xtb/compound_09/charges/compound_09_hf_631gstar_gas_chelpg.chelpg.xyz,/data/BIOFILM_INSILICO_SUPPORT/01_qm_orca_xtb/compound_09/charges/compound_09_hf_631gstar_gas_chelpg.out
compound_09,47,H,-3.424250,1.577235,1.182553,0.10288801,/data/BIOFILM_INSILICO_SUPPORT/01_qm_orca_xtb/compound_09/geometries/compound_09_wb97xd3_def2svp_cpcm_water_minimum.xyz,/data/BIOFILM_INSILICO_SUPPORT/01_qm_orca_xtb/compound_09/charges/compound_09_hf_631gstar_gas_chelpg.chelpg.xyz,/data/BIOFILM_INSILICO_SUPPORT/01_qm_orca_xtb/compound_09/charges/compound_09_hf_631gstar_gas_chelpg.out
compound_09,48,H,-6.357471,0.926014,-2.125929,0.18608426,/data/BIOFILM_INSILICO_SUPPORT/01_qm_orca_xtb/compound_09/geometries/compound_09_wb97xd3_def2svp_cpcm_water_minimum.xyz,/data/BIOFILM_INSILICO_SUPPORT/01_qm_orca_xtb/compound_09/charges/compound_09_hf_631gstar_gas_chelpg.chelpg.xyz,/data/BIOFILM_INSILICO_SUPPORT/01_qm_orca_xtb/compound_09/charges/compound_09_hf_631gstar_gas_chelpg.out
compound_09,49,H,-7.494181,1.518270,-0.864965,0.17507221,/data/BIOFILM_INSILICO_SUPPORT/01_qm_orca_xtb/compound_09/geometries/compound_09_wb97xd3_def2svp_cpcm_water_minimum.xyz,/data/BIOFILM_INSILICO_SUPPORT/01_qm_orca_xtb/compound_09/charges/compound_09_hf_631gstar_gas_chelpg.chelpg.xyz,/data/BIOFILM_INSILICO_SUPPORT/01_qm_orca_xtb/compound_09/charges/compound_09_hf_631gstar_gas_chelpg.out
compound_09,50,H,-6.780625,-0.132362,-0.766805,0.19364524,/data/BIOFILM_INSILICO_SUPPORT/01_qm_orca_xtb/compound_09/geometries/compound_09_wb97xd3_def2svp_cpcm_water_minimum.xyz,/data/BIOFILM_INSILICO_SUPPORT/01_qm_orca_xtb/compound_09/charges/compound_09_hf_631gstar_gas_chelpg.chelpg.xyz,/data/BIOFILM_INSILICO_SUPPORT/01_qm_orca_xtb/compound_09/charges/compound_09_hf_631gstar_gas_chelpg.out
compound_09,51,H,-2.130111,1.528292,-1.605140,0.01047981,/data/BIOFILM_INSILICO_SUPPORT/01_qm_orca_xtb/compound_09/geometries/compound_09_wb97xd3_def2svp_cpcm_water_minimum.xyz,/data/BIOFILM_INSILICO_SUPPORT/01_qm_orca_xtb/compound_09/charges/compound_09_hf_631gstar_gas_chelpg.chelpg.xyz,/data/BIOFILM_INSILICO_SUPPORT/01_qm_orca_xtb/compound_09/charges/compound_09_hf_631gstar_gas_chelpg.out
compound_09,52,H,-2.792011,2.959148,-0.754992,0.09736826,/data/BIOFILM_INSILICO_SUPPORT/01_qm_orca_xtb/compound_09/geometries/compound_09_wb97xd3_def2svp_cpcm_water_minimum.xyz,/data/BIOFILM_INSILICO_SUPPORT/01_qm_orca_xtb/compound_09/charges/compound_09_hf_631gstar_gas_chelpg.chelpg.xyz,/data/BIOFILM_INSILICO_SUPPORT/01_qm_orca_xtb/compound_09/charges/compound_09_hf_631gstar_gas_chelpg.out
compound_09,53,H,1.519696,0.936965,-3.814071,0.12233026,/data/BIOFILM_INSILICO_SUPPORT/01_qm_orca_xtb/compound_09/geometries/compound_09_wb97xd3_def2svp_cpcm_water_minimum.xyz,/data/BIOFILM_INSILICO_SUPPORT/01_qm_orca_xtb/compound_09/charges/compound_09_hf_631gstar_gas_chelpg.chelpg.xyz,/data/BIOFILM_INSILICO_SUPPORT/01_qm_orca_xtb/compound_09/charges/compound_09_hf_631gstar_gas_chelpg.out
compound_09,54,H,4.814155,-0.629021,-2.190411,0.15648019,/data/BIOFILM_INSILICO_SUPPORT/01_qm_orca_xtb/compound_09/geometries/compound_09_wb97xd3_def2svp_cpcm_water_minimum.xyz,/data/BIOFILM_INSILICO_SUPPORT/01_qm_orca_xtb/compound_09/charges/compound_09_hf_631gstar_gas_chelpg.chelpg.xyz,/data/BIOFILM_INSILICO_SUPPORT/01_qm_orca_xtb/compound_09/charges/compound_09_hf_631gstar_gas_chelpg.out
compound_09,55,H,3.386403,2.982190,-3.220635,0.08713368,/data/BIOFILM_INSILICO_SUPPORT/01_qm_orca_xtb/compound_09/geometries/compound_09_wb97xd3_def2svp_cpcm_water_minimum.xyz,/data/BIOFILM_INSILICO_SUPPORT/01_qm_orca_xtb/compound_09/charges/compound_09_hf_631gstar_gas_chelpg.chelpg.xyz,/data/BIOFILM_INSILICO_SUPPORT/01_qm_orca_xtb/compound_09/charges/compound_09_hf_631gstar_gas_chelpg.out
compound_09,56,H,3.624478,1.833289,-4.577345,0.11460575,/data/BIOFILM_INSILICO_SUPPORT/01_qm_orca_xtb/compound_09/geometries/compound_09_wb97xd3_def2svp_cpcm_water_minimum.xyz,/data/BIOFILM_INSILICO_SUPPORT/01_qm_orca_xtb/compound_09/charges/compound_09_hf_631gstar_gas_chelpg.chelpg.xyz,/data/BIOFILM_INSILICO_SUPPORT/01_qm_orca_xtb/compound_09/charges/compound_09_hf_631gstar_gas_chelpg.out
compound_11,0,O,-0.235379,0.131768,3.072910,-0.50556993,/data/BIOFILM_INSILICO_SUPPORT/01_qm_orca_xtb/compound_11/geometries/compound_11_wb97xd3_def2svp_cpcm_water_minimum.xyz,/data/BIOFILM_INSILICO_SUPPORT/01_qm_orca_xtb/compound_11/charges/compound_11_hf_631gstar_gas_chelpg.chelpg.xyz,/data/BIOFILM_INSILICO_SUPPORT/01_qm_orca_xtb/compound_11/charges/compound_11_hf_631gstar_gas_chelpg.out
compound_11,1,C,-0.669373,-0.032446,1.958788,0.42147775,/data/BIOFILM_INSILICO_SUPPORT/01_qm_orca_xtb/compound_11/geometries/compound_11_wb97xd3_def2svp_cpcm_water_minimum.xyz,/data/BIOFILM_INSILICO_SUPPORT/01_qm_orca_xtb/compound_11/charges/compound_11_hf_631gstar_gas_chelpg.chelpg.xyz,/data/BIOFILM_INSILICO_SUPPORT/01_qm_orca_xtb/compound_11/charges/compound_11_hf_631gstar_gas_chelpg.out
compound_11,2,C,-0.333574,-1.220181,1.082614,-0.13127103,/data/BIOFILM_INSILICO_SUPPORT/01_qm_orca_xtb/compound_11/geometries/compound_11_wb97xd3_def2svp_cpcm_water_minimum.xyz,/data/BIOFILM_INSILICO_SUPPORT/01_qm_orca_xtb/compound_11/charges/compound_11_hf_631gstar_gas_chelpg.chelpg.xyz,/data/BIOFILM_INSILICO_SUPPORT/01_qm_orca_xtb/compound_11/charges/compound_11_hf_631gstar_gas_chelpg.out
compound_11,3,C,-0.349406,-0.878609,-0.413256,-0.11458794,/data/BIOFILM_INSILICO_SUPPORT/01_qm_orca_xtb/compound_11/geometries/compound_11_wb97xd3_def2svp_cpcm_water_minimum.xyz,/data/BIOFILM_INSILICO_SUPPORT/01_qm_orca_xtb/compound_11/charges/compound_11_hf_631gstar_gas_chelpg.chelpg.xyz,/data/BIOFILM_INSILICO_SUPPORT/01_qm_orca_xtb/compound_11/charges/compound_11_hf_631gstar_gas_chelpg.out
compound_11,4,N,0.952963,-0.373161,-0.844585,0.31321861,/data/BIOFILM_INSILICO_SUPPORT/01_qm_orca_xtb/compound_11/geometries/compound_11_wb97xd3_def2svp_cpcm_water_minimum.xyz,/data/BIOFILM_INSILICO_SUPPORT/01_qm_orca_xtb/compound_11/charges/compound_11_hf_631gstar_gas_chelpg.chelpg.xyz,/data/BIOFILM_INSILICO_SUPPORT/01_qm_orca_xtb/compound_11/charges/compound_11_hf_631gstar_gas_chelpg.out
compound_11,5,N,1.678508,0.371170,0.043336,-0.45537399,/data/BIOFILM_INSILICO_SUPPORT/01_qm_orca_xtb/compound_11/geometries/compound_11_wb97xd3_def2svp_cpcm_water_minimum.xyz,/data/BIOFILM_INSILICO_SUPPORT/01_qm_orca_xtb/compound_11/charges/compound_11_hf_631gstar_gas_chelpg.chelpg.xyz,/data/BIOFILM_INSILICO_SUPPORT/01_qm_orca_xtb/compound_11/charges/compound_11_hf_631gstar_gas_chelpg.out
compound_11,6,C,2.783815,0.777390,-0.496044,0.54001613,/data/BIOFILM_INSILICO_SUPPORT/01_qm_orca_xtb/compound_11/geometries/compound_11_wb97xd3_def2svp_cpcm_water_minimum.xyz,/data/BIOFILM_INSILICO_SUPPORT/01_qm_orca_xtb/compound_11/charges/compound_11_hf_631gstar_gas_chelpg.chelpg.xyz,/data/BIOFILM_INSILICO_SUPPORT/01_qm_orca_xtb/compound_11/charges/compound_11_hf_631gstar_gas_chelpg.out
compound_11,7,N,3.685304,1.568465,0.117249,-0.95315983,/data/BIOFILM_INSILICO_SUPPORT/01_qm_orca_xtb/compound_11/geometries/compound_11_wb97xd3_def2svp_cpcm_water_minimum.xyz,/data/BIOFILM_INSILICO_SUPPORT/01_qm_orca_xtb/compound_11/charges/compound_11_hf_631gstar_gas_chelpg.chelpg.xyz,/data/BIOFILM_INSILICO_SUPPORT/01_qm_orca_xtb/compound_11/charges/compound_11_hf_631gstar_gas_chelpg.out
compound_11,8,S,2.989042,0.256356,-2.160312,0.01876394,/data/BIOFILM_INSILICO_SUPPORT/01_qm_orca_xtb/compound_11/geometries/compound_11_wb97xd3_def2svp_cpcm_water_minimum.xyz,/data/BIOFILM_INSILICO_SUPPORT/01_qm_orca_xtb/compound_11/charges/compound_11_hf_631gstar_gas_chelpg.chelpg.xyz,/data/BIOFILM_INSILICO_SUPPORT/01_qm_orca_xtb/compound_11/charges/compound_11_hf_631gstar_gas_chelpg.out
compound_11,9,C,1.442284,-0.560922,-2.080171,-0.00956215,/data/BIOFILM_INSILICO_SUPPORT/01_qm_orca_xtb/compound_11/geometries/compound_11_wb97xd3_def2svp_cpcm_water_minimum.xyz,/data/BIOFILM_INSILICO_SUPPORT/01_qm_orca_xtb/compound_11/charges/compound_11_hf_631gstar_gas_chelpg.chelpg.xyz,/data/BIOFILM_INSILICO_SUPPORT/01_qm_orca_xtb/compound_11/charges/compound_11_hf_631gstar_gas_chelpg.out
compound_11,10,S,0.749385,-1.398377,-3.345759,-0.38433741,/data/BIOFILM_INSILICO_SUPPORT/01_qm_orca_xtb/compound_11/geometries/compound_11_wb97xd3_def2svp_cpcm_water_minimum.xyz,/data/BIOFILM_INSILICO_SUPPORT/01_qm_orca_xtb/compound_11/charges/compound_11_hf_631gstar_gas_chelpg.chelpg.xyz,/data/BIOFILM_INSILICO_SUPPORT/01_qm_orca_xtb/compound_11/charges/compound_11_hf_631gstar_gas_chelpg.out
compound_11,11,C,-1.433524,0.162707,-0.728940,0.27351101,/data/BIOFILM_INSILICO_SUPPORT/01_qm_orca_xtb/compound_11/geometries/compound_11_wb97xd3_def2svp_cpcm_water_minimum.xyz,/data/BIOFILM_INSILICO_SUPPORT/01_qm_orca_xtb/compound_11/charges/compound_11_hf_631gstar_gas_chelpg.chelpg.xyz,/data/BIOFILM_INSILICO_SUPPORT/01_qm_orca_xtb/compound_11/charges/compound_11_hf_631gstar_gas_chelpg.out
compound_11,12,O,-1.209409,1.320298,0.067231,-0.43964327,/data/BIOFILM_INSILICO_SUPPORT/01_qm_orca_xtb/compound_11/geometries/compound_11_wb97xd3_def2svp_cpcm_water_minimum.xyz,/data/BIOFILM_INSILICO_SUPPORT/01_qm_orca_xtb/compound_11/charges/compound_11_hf_631gstar_gas_chelpg.chelpg.xyz,/data/BIOFILM_INSILICO_SUPPORT/01_qm_orca_xtb/compound_11/charges/compound_11_hf_631gstar_gas_chelpg.out
compound_11,13,C,-1.684916,0.929495,1.321982,0.39158461,/data/BIOFILM_INSILICO_SUPPORT/01_qm_orca_xtb/compound_11/geometries/compound_11_wb97xd3_def2svp_cpcm_water_minimum.xyz,/data/BIOFILM_INSILICO_SUPPORT/01_qm_orca_xtb/compound_11/charges/compound_11_hf_631gstar_gas_chelpg.chelpg.xyz,/data/BIOFILM_INSILICO_SUPPORT/01_qm_orca_xtb/compound_11/charges/compound_11_hf_631gstar_gas_chelpg.out
compound_11,14,O,-2.876079,0.217231,1.085362,-0.42466528,/data/BIOFILM_INSILICO_SUPPORT/01_qm_orca_xtb/compound_11/geometries/compound_11_wb97xd3_def2svp_cpcm_water_minimum.xyz,/data/BIOFILM_INSILICO_SUPPORT/01_qm_orca_xtb/compound_11/charges/compound_11_hf_631gstar_gas_chelpg.chelpg.xyz,/data/BIOFILM_INSILICO_SUPPORT/01_qm_orca_xtb/compound_11/charges/compound_11_hf_631gstar_gas_chelpg.out
compound_11,15,C,-2.823848,-0.273026,-0.253808,-0.06725048,/data/BIOFILM_INSILICO_SUPPORT/01_qm_orca_xtb/compound_11/geometries/compound_11_wb97xd3_def2svp_cpcm_water_minimum.xyz,/data/BIOFILM_INSILICO_SUPPORT/01_qm_orca_xtb/compound_11/charges/compound_11_hf_631gstar_gas_chelpg.chelpg.xyz,/data/BIOFILM_INSILICO_SUPPORT/01_qm_orca_xtb/compound_11/charges/compound_11_hf_631gstar_gas_chelpg.out
compound_11,16,H,-1.115568,-1.974497,1.271264,0.12268413,/data/BIOFILM_INSILICO_SUPPORT/01_qm_orca_xtb/compound_11/geometries/compound_11_wb97xd3_def2svp_cpcm_water_minimum.xyz,/data/BIOFILM_INSILICO_SUPPORT/01_qm_orca_xtb/compound_11/charges/compound_11_hf_631gstar_gas_chelpg.chelpg.xyz,/data/BIOFILM_INSILICO_SUPPORT/01_qm_orca_xtb/compound_11/charges/compound_11_hf_631gstar_gas_chelpg.out
compound_11,17,H,0.622131,-1.658197,1.397806,0.07949060,/data/BIOFILM_INSILICO_SUPPORT/01_qm_orca_xtb/compound_11/geometries/compound_11_wb97xd3_def2svp_cpcm_water_minimum.xyz,/data/BIOFILM_INSILICO_SUPPORT/01_qm_orca_xtb/compound_11/charges/compound_11_hf_631gstar_gas_chelpg.chelpg.xyz,/data/BIOFILM_INSILICO_SUPPORT/01_qm_orca_xtb/compound_11/charges/compound_11_hf_631gstar_gas_chelpg.out
compound_11,18,H,-0.536734,-1.779980,-1.013203,0.06321823,/data/BIOFILM_INSILICO_SUPPORT/01_qm_orca_xtb/compound_11/geometries/compound_11_wb97xd3_def2svp_cpcm_water_minimum.xyz,/data/BIOFILM_INSILICO_SUPPORT/01_qm_orca_xtb/compound_11/charges/compound_11_hf_631gstar_gas_chelpg.chelpg.xyz,/data/BIOFILM_INSILICO_SUPPORT/01_qm_orca_xtb/compound_11/charges/compound_11_hf_631gstar_gas_chelpg.out
compound_11,19,H,3.586312,1.691263,1.119219,0.44637004,/data/BIOFILM_INSILICO_SUPPORT/01_qm_orca_xtb/compound_11/geometries/compound_11_wb97xd3_def2svp_cpcm_water_minimum.xyz,/data/BIOFILM_INSILICO_SUPPORT/01_qm_orca_xtb/compound_11/charges/compound_11_hf_631gstar_gas_chelpg.chelpg.xyz,/data/BIOFILM_INSILICO_SUPPORT/01_qm_orca_xtb/compound_11/charges/compound_11_hf_631gstar_gas_chelpg.out
compound_11,20,H,4.625199,1.632745,-0.253332,0.44644645,/data/BIOFILM_INSILICO_SUPPORT/01_qm_orca_xtb/compound_11/geometries/compound_11_wb97xd3_def2svp_cpcm_water_minimum.xyz,/data/BIOFILM_INSILICO_SUPPORT/01_qm_orca_xtb/compound_11/charges/compound_11_hf_631gstar_gas_chelpg.chelpg.xyz,/data/BIOFILM_INSILICO_SUPPORT/01_qm_orca_xtb/compound_11/charges/compound_11_hf_631gstar_gas_chelpg.out
compound_11,21,H,-1.401472,0.447530,-1.788239,0.06263976,/data/BIOFILM_INSILICO_SUPPORT/01_qm_orca_xtb/compound_11/geometries/compound_11_wb97xd3_def2svp_cpcm_water_minimum.xyz,/data/BIOFILM_INSILICO_SUPPORT/01_qm_orca_xtb/compound_11/charges/compound_11_hf_631gstar_gas_chelpg.chelpg.xyz,/data/BIOFILM_INSILICO_SUPPORT/01_qm_orca_xtb/compound_11/charges/compound_11_hf_631gstar_gas_chelpg.out
compound_11,22,H,-1.866181,1.805407,1.960424,0.08301418,/data/BIOFILM_INSILICO_SUPPORT/01_qm_orca_xtb/compound_11/geometries/compound_11_wb97xd3_def2svp_cpcm_water_minimum.xyz,/data/BIOFILM_INSILICO_SUPPORT/01_qm_orca_xtb/compound_11/charges/compound_11_hf_631gstar_gas_chelpg.chelpg.xyz,/data/BIOFILM_INSILICO_SUPPORT/01_qm_orca_xtb/compound_11/charges/compound_11_hf_631gstar_gas_chelpg.out
compound_11,23,H,-2.963046,-1.364316,-0.270017,0.10491919,/data/BIOFILM_INSILICO_SUPPORT/01_qm_orca_xtb/compound_11/geometries/compound_11_wb97xd3_def2svp_cpcm_water_minimum.xyz,/data/BIOFILM_INSILICO_SUPPORT/01_qm_orca_xtb/compound_11/charges/compound_11_hf_631gstar_gas_chelpg.chelpg.xyz,/data/BIOFILM_INSILICO_SUPPORT/01_qm_orca_xtb/compound_11/charges/compound_11_hf_631gstar_gas_chelpg.out
compound_11,24,H,-3.616435,0.201892,-0.850517,0.11806667,/data/BIOFILM_INSILICO_SUPPORT/01_qm_orca_xtb/compound_11/geometries/compound_11_wb97xd3_def2svp_cpcm_water_minimum.xyz,/data/BIOFILM_INSILICO_SUPPORT/01_qm_orca_xtb/compound_11/charges/compound_11_hf_631gstar_gas_chelpg.chelpg.xyz,/data/BIOFILM_INSILICO_SUPPORT/01_qm_orca_xtb/compound_11/charges/compound_11_hf_631gstar_gas_chelpg.out
