relative_path	category	size_bytes	mtime_iso	sha256
03_docking/ligands_pdbqt/compound_08.pdbqt	ligand_input	6571	2026-07-16T09:52:18.560688+00:00	90df2d2cde9e14914cfcf6662beb886ac41cf86d3c2aa94421958f141a17a428
03_docking/ligands_pdbqt/compound_09.pdbqt	ligand_input	3715	2026-07-16T09:52:19.190924+00:00	76267494a25d00be6336d75b91d52c18b36cecbc33f4ed02456441b594cfcb55
03_docking/ligands_pdbqt/compound_11.pdbqt	ligand_input	1818	2026-07-16T09:52:19.811529+00:00	b993c32afabc3dab47b55ec05c67a39b18d07c227c537a4716e8ea6d1586b68e
03_docking/plip_inputs/LasR_2UV0_2026-07-17/LasR_2UV0_compound_11_PLIP_input_serial_correction_note.txt	plip_input	1314	2026-07-17T05:58:40.345044+00:00	0ca07f045312cb58470673f898211beed686a355d69dddbc9cb841d42a41101b
03_docking/plip_inputs/LasR_2UV0_2026-07-17/LasR_2UV0_compound_11_consensus_complex.pdb	plip_input	104035	2026-07-17T05:23:45.435059+00:00	7b6b748bd149fc5ea2cbe03dc2fb326a66c51e08109159e8a13e90b4ffd81cd3
03_docking/plip_inputs/LasR_2UV0_2026-07-17/LasR_2UV0_compound_11_consensus_complex_record.txt	plip_input	1185	2026-07-17T05:23:45.440277+00:00	a177f7a66e40b4f09f46068ae3c14eef529f98e0bc94a764569c3c44dba2e3e4
03_docking/plip_inputs/LasR_2UV0_2026-07-17/final/LasR_2UV0_compound_11_consensus_complex_FINAL.pdb	plip_input	105317	2026-07-17T06:01:46.642088+00:00	f2dab66d61f25a77b4280e0f4c40c73fe8442186245fb78bc912f9fe3244e739
03_docking/plip_inputs/LasR_2UV0_2026-07-17/final/LasR_2UV0_compound_11_consensus_complex_FINAL_record.txt	plip_input	1774	2026-07-17T06:01:46.700258+00:00	066d15bdf095e327a471582f45054a32c72910c1ea98da5084563c732cf839ef
03_docking/plip_inputs/LasR_2UV0_2026-07-17/meeko_export_audit/compound_11_LasR_2UV0_consensus_run01_mode06_meeko.sdf	plip_input	2358	2026-07-17T05:53:13.834944+00:00	8477fe2fc18731ead9477823aa14194c4013192ce9e254b66c5f61f581f7d653
03_docking/plip_inputs/LasR_2UV0_2026-07-17/meeko_export_audit/compound_11_LasR_2UV0_consensus_run01_mode06_meeko_audit.txt	plip_input	1196	2026-07-17T05:53:14.579211+00:00	29fb11ead14b8cac57c084a363f24322fe1c5d933d2b9709b3fc3d32a9564a6b
03_docking/plip_inputs/PqsR_4JVI_2026-07-17/final/PqsR_4JVI_compound_08_cluster1_medoid_complex_FINAL.pdb	plip_input	263673	2026-07-17T14:10:13.910850+00:00	2f1640a4389ae0b67fe3aefa41e3c2938379fe5a06e5a7f7da62657cffd391b2
03_docking/plip_inputs/PqsR_4JVI_2026-07-17/final/PqsR_4JVI_compound_08_cluster1_medoid_complex_FINAL_record.txt	plip_input	2654	2026-07-17T14:10:13.911966+00:00	a063da13b4a36377480404ae03b61391da3a68835785907eb9d664fcad49201c
03_docking/plip_inputs/PqsR_4JVI_2026-07-17/final/PqsR_4JVI_compound_09_cluster1_medoid_complex_FINAL.pdb	plip_input	259031	2026-07-17T14:10:12.503496+00:00	b85c984366af30d881daa04760e22479ce8f293c375c4773f988248e8aec940e
03_docking/plip_inputs/PqsR_4JVI_2026-07-17/final/PqsR_4JVI_compound_09_cluster1_medoid_complex_FINAL_record.txt	plip_input	2601	2026-07-17T14:10:12.505023+00:00	46bf9cab8635c3e0a3c3acd85fa9bbb603112f7763785b1ad827aa2f36962f59
03_docking/plip_inputs/PqsR_4JVI_2026-07-17/final/PqsR_4JVI_compound_11_cluster1_medoid_complex_FINAL.pdb	plip_input	255775	2026-07-17T14:10:11.262611+00:00	d3b5a0ef5f0da72a367d502dd3f2195383afdba155f6f18ca1dad2837f249801
03_docking/plip_inputs/PqsR_4JVI_2026-07-17/final/PqsR_4JVI_compound_11_cluster1_medoid_complex_FINAL_record.txt	plip_input	2609	2026-07-17T14:10:11.264372+00:00	aeb4e1ad4d3c7b2e8efbe02c68fff2e511e2202c2a525e20b8e7541c422e98b7
03_docking/plip_inputs/PqsR_4JVI_2026-07-17/meeko_export_audit/compound_08_PqsR_4JVI_cluster1_medoid_run01_mode15_meeko.sdf	plip_input	8759	2026-07-17T13:54:50.687289+00:00	97b35c2af8ac8ee90a702c8e5c882acf5623a8d5327eac841caf1f40c1df0d4c
03_docking/plip_inputs/PqsR_4JVI_2026-07-17/meeko_export_audit/compound_08_PqsR_4JVI_cluster1_medoid_run01_mode15_meeko_audit.txt	plip_input	1386	2026-07-17T13:54:50.804418+00:00	c6e5314e54cb39be06fcad70f47b3c4fa864fe650a3892b3283e2c93f2e4ef89
03_docking/plip_inputs/PqsR_4JVI_2026-07-17/meeko_export_audit/compound_09_PqsR_4JVI_cluster1_medoid_run01_mode16_meeko.sdf	plip_input	5009	2026-07-17T13:54:50.073806+00:00	38da3fb51ce143b9c3b805da3f3bbad6d7cb8fb999dde1a4dd7c37a6a9b2f4da
03_docking/plip_inputs/PqsR_4JVI_2026-07-17/meeko_export_audit/compound_09_PqsR_4JVI_cluster1_medoid_run01_mode16_meeko_audit.txt	plip_input	1381	2026-07-17T13:54:50.179836+00:00	6e29544bf9a892ad4d4e0838e32a3fa09d29ab466c4cd409af864975c9eacdcb
03_docking/plip_inputs/PqsR_4JVI_2026-07-17/meeko_export_audit/compound_11_PqsR_4JVI_cluster1_medoid_run04_mode04_meeko.sdf	plip_input	2354	2026-07-17T13:54:49.476728+00:00	94b519205664f09f2f1fac89f26e58ab0466f14b8694ef83090fbace35f8c2ca
03_docking/plip_inputs/PqsR_4JVI_2026-07-17/meeko_export_audit/compound_11_PqsR_4JVI_cluster1_medoid_run04_mode04_meeko_audit.txt	plip_input	1391	2026-07-17T13:54:49.578086+00:00	220c91eafec987bd42d00531b19537b732d453170985b5b75a04c74dd36ff2ed
03_docking/plip_outputs/LasR_2UV0_2026-07-17/compound_11_consensus/LasR_2UV0_compound_11_consensus_complex_FINAL_protonated.pdb	plip_output	275269	2026-07-17T06:04:53.406097+00:00	6f52dabee15040c9ac0dd47a5d49ee0e0d6aeb69ccbc2675d9ce02cb05321279
03_docking/plip_outputs/LasR_2UV0_2026-07-17/compound_11_consensus/LasR_2UV0_compound_11_consensus_complex_FINAL_report.txt	plip_output	2642	2026-07-17T06:04:53.451637+00:00	899ccd6776d3899b0ff4df71500ddb4f6142fa64ee1631c8379ebc6732800e9f
03_docking/plip_outputs/LasR_2UV0_2026-07-17/compound_11_consensus/LasR_2UV0_compound_11_consensus_complex_FINAL_report.xml	plip_output	7042	2026-07-17T06:04:53.451097+00:00	370808e408d9b3542cb4fe77645406e2936b888966a0d7422417ed78003fa800
03_docking/plip_outputs/LasR_2UV0_2026-07-17/compound_11_consensus/plip_run_record.txt	plip_output	1417	2026-07-17T06:04:52.307089+00:00	75b4e2846db3c191e96d0e3f15c6147075732f4effdca0b001d33fb3f35e0f37
03_docking/plip_outputs/LasR_2UV0_2026-07-17/compound_11_consensus/plip_stdout_stderr.log	plip_output	822	2026-07-17T06:04:53.481097+00:00	4c89a91604b0848448c79094e9bc336f9c26649df71cd78a18d302af45ec02b3
03_docking/plip_outputs/LasR_2UV0_2026-07-17/compound_11_consensus/plip_time.log	plip_output	939	2026-07-17T06:04:53.546098+00:00	e29386d8ff68b765fea8165043e31b511824b5b5fc00e970b8452c9d3410e0df
03_docking/plip_outputs/PqsR_4JVI_2026-07-17/compound_08_cluster1_medoid/PqsR_4JVI_compound_08_cluster1_medoid_complex_FINAL_protonated.pdb	plip_output	691633	2026-07-17T16:30:29.061152+00:00	cc01b0b0ad1a1800b3d7bd0c87eb40b2b9e3ed55f39e4abd23385235d0460e9a
03_docking/plip_outputs/PqsR_4JVI_2026-07-17/compound_08_cluster1_medoid/PqsR_4JVI_compound_08_cluster1_medoid_complex_FINAL_report.txt	plip_output	9063	2026-07-17T16:30:29.203186+00:00	b5eddddff4db2f427820f370d567a1ea25a866192547db0ea74dea2377bef818
03_docking/plip_outputs/PqsR_4JVI_2026-07-17/compound_08_cluster1_medoid/PqsR_4JVI_compound_08_cluster1_medoid_complex_FINAL_report.xml	plip_output	20841	2026-07-17T16:30:29.202153+00:00	045149c0dfaee8815e0464764c30c541eb2ebc14029e01bd7174b0b3cc6e9238
03_docking/plip_outputs/PqsR_4JVI_2026-07-17/compound_08_cluster1_medoid/plip_run_record.txt	plip_output	7546	2026-07-17T16:30:29.307881+00:00	11b4f8cc396aee491413c10c0a8a436af91d13a0a3ab6e89385748cf58094524
03_docking/plip_outputs/PqsR_4JVI_2026-07-17/compound_08_cluster1_medoid/plip_stdout_stderr.log	plip_output	1346	2026-07-17T16:30:29.303137+00:00	b6bfd238dc7b8dbf21d6974019e055d6606737e28099bbeda5fda4a480379d9e
03_docking/plip_outputs/PqsR_4JVI_2026-07-17/compound_08_cluster1_medoid/plip_time.log	plip_output	1037	2026-07-17T16:30:29.302155+00:00	9be6bcbf2b828560a146f0fa0e90dc519d0afa431575ea4e96e8e2bde50660c6
03_docking/plip_outputs/PqsR_4JVI_2026-07-17/compound_09_cluster1_medoid/PqsR_4JVI_compound_09_cluster1_medoid_complex_FINAL_protonated.pdb	plip_output	684746	2026-07-17T16:30:27.824140+00:00	1a580eac7066268960616ad29c24fa71008664eebcd313463a998fc85bdcf26c
03_docking/plip_outputs/PqsR_4JVI_2026-07-17/compound_09_cluster1_medoid/PqsR_4JVI_compound_09_cluster1_medoid_complex_FINAL_report.txt	plip_output	6684	2026-07-17T16:30:27.913966+00:00	806455ead812b2068b6874a318f10a84499e476fceb5dc59cf5524efcc6f00bd
03_docking/plip_outputs/PqsR_4JVI_2026-07-17/compound_09_cluster1_medoid/PqsR_4JVI_compound_09_cluster1_medoid_complex_FINAL_report.xml	plip_output	14693	2026-07-17T16:30:27.913141+00:00	092219b8bbcdee181412c7ce1c7816f6c517540cf3466642a9484d23dabaa893
03_docking/plip_outputs/PqsR_4JVI_2026-07-17/compound_09_cluster1_medoid/plip_run_record.txt	plip_output	7491	2026-07-17T16:30:28.006505+00:00	750674abc1d801215e4f95e1f5edc7fc8c47ad15c36df5c46e10a9d94965f489
03_docking/plip_outputs/PqsR_4JVI_2026-07-17/compound_09_cluster1_medoid/plip_stdout_stderr.log	plip_output	1346	2026-07-17T16:30:27.997601+00:00	9b1e56b41b3da318a40a097b1075c3493e46ca6b67302865ba129594c5857f04
03_docking/plip_outputs/PqsR_4JVI_2026-07-17/compound_09_cluster1_medoid/plip_time.log	plip_output	1038	2026-07-17T16:30:27.996142+00:00	83ce01ab7369d3ece57b22175d73c08ac4b77cfaa4fd47e8501b4485a81a1768
03_docking/plip_outputs/PqsR_4JVI_2026-07-17/compound_11_cluster1_medoid/PqsR_4JVI_compound_11_cluster1_medoid_complex_FINAL_protonated.pdb	plip_output	679878	2026-07-17T16:30:26.573128+00:00	5cbc5b13ffca0296985b823898259c67c84e82d02089a67cb377a7680a0a9a9c
03_docking/plip_outputs/PqsR_4JVI_2026-07-17/compound_11_cluster1_medoid/PqsR_4JVI_compound_11_cluster1_medoid_complex_FINAL_report.txt	plip_output	3602	2026-07-17T16:30:26.639550+00:00	2916a2ab5e1c0aab9cc7cc4af8cb061e24ef2be4a27ba5ef8b577690b641d2e1
03_docking/plip_outputs/PqsR_4JVI_2026-07-17/compound_11_cluster1_medoid/PqsR_4JVI_compound_11_cluster1_medoid_complex_FINAL_report.xml	plip_output	8405	2026-07-17T16:30:26.639129+00:00	0f50e251e3d2a59191fe548a2282c483b7e8a8147c10de4e7a06856473b54eeb
03_docking/plip_outputs/PqsR_4JVI_2026-07-17/compound_11_cluster1_medoid/plip_run_record.txt	plip_output	7487	2026-07-17T16:30:26.746851+00:00	ee112a6f5fd64150058c02214a32e0f2787372a908568a5d70281731eb81442d
03_docking/plip_outputs/PqsR_4JVI_2026-07-17/compound_11_cluster1_medoid/plip_stdout_stderr.log	plip_output	1346	2026-07-17T16:30:26.736018+00:00	6e525707f5dbaec6ea169d88223cabedfffbc5d1a4acdfc66877df7a3c06b6de
03_docking/plip_outputs/PqsR_4JVI_2026-07-17/compound_11_cluster1_medoid/plip_time.log	plip_output	1038	2026-07-17T16:30:26.734130+00:00	363f3a86b3ec41912929d23c0419a3baa5dd0154d29343ae23c1bbac5dddcf15
03_docking/receptors_pdbqt/LasR_2UV0.pdbqt	receptor_input	125200	2026-07-15T19:29:04.414793+00:00	6a1fd8cd00ea03726e3b0acbddbd5a92e7c5e8164b27c28ff4f354a890f0726e
03_docking/receptors_pdbqt/PqsR_4JVI.pdbqt	receptor_input	312800	2026-07-15T19:29:04.417793+00:00	d68f6175df926ecf9353d6e043eccba0e05c72c6b950787b53387c88ad7e8955
03_docking/reference_ligands_pdbqt/LasR_2UV0_OHN_chainF_reference.pdbqt	ligand_input	2510	2026-07-16T11:20:34.576427+00:00	a994f6d4e5ecc53d8be03c99103365865a9682a18e7e5a6c2b7f9c8d8a883e32
03_docking/reference_ligands_pdbqt/PqsR_4JVI_QZN_siteA_reference.pdbqt	ligand_input	2609	2026-07-16T11:20:35.835109+00:00	4b7891c94ccb4a7c3bc16a19db414238b640c3a2f3f3306306ae0ae596ef3f6c
03_docking/reference_ligands_pdbqt/PqsR_4JVI_QZN_siteB_reference.pdbqt	ligand_input	2609	2026-07-16T11:20:37.061028+00:00	601ca047dbd4f0564baf3af874f3391eb3b341f305eb16432f115ed18aa0063a
03_docking/results_summary/LasR_2UV0_2026-07-17/LasR_2UV0_production_consensus_interpretation.txt	summary	2052	2026-07-17T06:11:41.886455+00:00	fd16e8ab742159b9945bce5b70b1a195c04a640b82c9e4f210cd54021df0b7aa
03_docking/results_summary/LasR_2UV0_2026-07-17/LasR_2UV0_production_consensus_summary.tsv	summary	432	2026-07-17T06:11:41.886368+00:00	f014caa994e7c670d95a7374a00225a0355db44de3252f3271092e0aed545437
03_docking/scripts/build_step9_LasR_compound11_PLIP_complex_final_2026-07-17.py	script	9685	2026-07-17T06:01:44.395699+00:00	e2195f0a4a130d372a8bbf3802afa48d614cd4f79c87687b11b3896ef9a377d6
03_docking/scripts/run_step9_LasR_production_2026-07-16.sh	script	3339	2026-07-16T20:01:07.588815+00:00	41f344c97a2bb7ffabe84cbff14cda1f356f9f8a7a44bbe3b0359db7e91a668c
03_docking/scripts/run_step9_PqsR_exploratory_2026-07-17.sh	script	5490	2026-07-17T09:13:36.858140+00:00	83c3294311ab0a4818879a01cdebf4e44f2a325c4eb874776efabc669d6384f1
03_docking/vina_configs/exploratory_PqsR_2026-07-17/compound_08_PqsR_4JVI_run01_seed2026071671.conf	docking_protocol_or_config	481	2026-07-17T09:13:36.857965+00:00	6ab50b8add1c2dae02451ceb6f780037f628406120aed2f3974c9b31d1370a11
03_docking/vina_configs/exploratory_PqsR_2026-07-17/compound_08_PqsR_4JVI_run02_seed2026071672.conf	docking_protocol_or_config	481	2026-07-17T09:13:36.857997+00:00	ba7dfc2ead827321aefd60b5e9bd2d37a96a7a46f0c0b20609da35fe9d5ada89
03_docking/vina_configs/exploratory_PqsR_2026-07-17/compound_08_PqsR_4JVI_run03_seed2026071673.conf	docking_protocol_or_config	481	2026-07-17T09:13:36.858032+00:00	efef767281f968770940d3a5885b194dbccf1f68a4578f6cd2afc173b39165a7
03_docking/vina_configs/exploratory_PqsR_2026-07-17/compound_08_PqsR_4JVI_run04_seed2026071674.conf	docking_protocol_or_config	481	2026-07-17T09:13:36.858063+00:00	9f5c109c129379fffa3c814bb7fc15da3cee60328abb80b9e5701972d5e7e201
03_docking/vina_configs/exploratory_PqsR_2026-07-17/compound_08_PqsR_4JVI_run05_seed2026071675.conf	docking_protocol_or_config	481	2026-07-17T09:13:36.858095+00:00	1fac9fd8d82a7709be68c2a395e0cfb75fedecfd1658d418ec5aa3f568229311
03_docking/vina_configs/exploratory_PqsR_2026-07-17/compound_09_PqsR_4JVI_run01_seed2026071681.conf	docking_protocol_or_config	481	2026-07-17T09:13:36.857786+00:00	73d2c13392a8823481934d80597a9665a2cd2375f975b14ee59a10714852b1f4
03_docking/vina_configs/exploratory_PqsR_2026-07-17/compound_09_PqsR_4JVI_run02_seed2026071682.conf	docking_protocol_or_config	481	2026-07-17T09:13:36.857818+00:00	226f6e08af083e456af5c5fc8b4ca714d1ec8573e658ab7c7d9a2583949aaa02
03_docking/vina_configs/exploratory_PqsR_2026-07-17/compound_09_PqsR_4JVI_run03_seed2026071683.conf	docking_protocol_or_config	481	2026-07-17T09:13:36.857850+00:00	790086b70cf390a24dfdf0c494fafde21f26ea43f55189016a3a20580604c72a
03_docking/vina_configs/exploratory_PqsR_2026-07-17/compound_09_PqsR_4JVI_run04_seed2026071684.conf	docking_protocol_or_config	481	2026-07-17T09:13:36.857882+00:00	355d43985473b8e8cb90a7a88b1eb43436fc83c9e2c72394e0501aa52593f8ad
03_docking/vina_configs/exploratory_PqsR_2026-07-17/compound_09_PqsR_4JVI_run05_seed2026071685.conf	docking_protocol_or_config	481	2026-07-17T09:13:36.857917+00:00	47261c6432c29c45b4cec28223b1324d18a2e3a33a0f4dd31c4d862728cda3a3
03_docking/vina_configs/exploratory_PqsR_2026-07-17/compound_11_PqsR_4JVI_run01_seed2026071691.conf	docking_protocol_or_config	481	2026-07-17T09:13:36.857584+00:00	47d6489a8fa517dd7f9d6f505d2697d582c12a43268c291c749669219c56fad1
03_docking/vina_configs/exploratory_PqsR_2026-07-17/compound_11_PqsR_4JVI_run02_seed2026071692.conf	docking_protocol_or_config	481	2026-07-17T09:13:36.857633+00:00	dc1298cd34e81a2f27450be5968109d9dfaa0db950ad1c196a83365abb29ad83
03_docking/vina_configs/exploratory_PqsR_2026-07-17/compound_11_PqsR_4JVI_run03_seed2026071693.conf	docking_protocol_or_config	481	2026-07-17T09:13:36.857670+00:00	a095703c237a6b88fb2baf2e4f987325c77df9dddbc92c519013d27dfaf09f85
03_docking/vina_configs/exploratory_PqsR_2026-07-17/compound_11_PqsR_4JVI_run04_seed2026071694.conf	docking_protocol_or_config	481	2026-07-17T09:13:36.857705+00:00	baa106eebc71d26c40f2f544c4507fcec5d7ac1b0e6fda523b0759b1a076acbd
03_docking/vina_configs/exploratory_PqsR_2026-07-17/compound_11_PqsR_4JVI_run05_seed2026071695.conf	docking_protocol_or_config	481	2026-07-17T09:13:36.857739+00:00	4f77e484fcacab86adb4de62744f3b44d939fbedb7a8db6a0d9ea85d6761b1c5
03_docking/vina_configs/production_LasR_2026-07-16/compound_08_LasR_2UV0_run01_seed2026071641.conf	docking_protocol_or_config	561	2026-07-16T19:50:24.701930+00:00	96b16184cf55730762053f28b44ce34ddd0e6be59214729855ca22249cc20db7
03_docking/vina_configs/production_LasR_2026-07-16/compound_08_LasR_2UV0_run02_seed2026071642.conf	docking_protocol_or_config	561	2026-07-16T19:50:24.707930+00:00	3d07aab933a262cbc5fcd07134d3c6830b1f63e9aee9f7b603d62f9ff22a5618
03_docking/vina_configs/production_LasR_2026-07-16/compound_08_LasR_2UV0_run03_seed2026071643.conf	docking_protocol_or_config	561	2026-07-16T19:50:24.715930+00:00	0602200e3542bf97c0dde4e87049f06d9b7b1709549b8ba2e23be243d0bcb65a
03_docking/vina_configs/production_LasR_2026-07-16/compound_08_LasR_2UV0_run04_seed2026071644.conf	docking_protocol_or_config	561	2026-07-16T19:50:24.721930+00:00	7b910fd90bd839bdaa62ad5016d3e9e064f244578a38e450276d2e6c1b300d31
03_docking/vina_configs/production_LasR_2026-07-16/compound_08_LasR_2UV0_run05_seed2026071645.conf	docking_protocol_or_config	561	2026-07-16T19:50:24.728930+00:00	d389c5a310f9b28c1ae8efc2970be0b6907f681fabc98fb451137a7d4bed4d66
03_docking/vina_configs/production_LasR_2026-07-16/compound_09_LasR_2UV0_run01_seed2026071651.conf	docking_protocol_or_config	561	2026-07-16T19:50:24.735930+00:00	1b1e5db458f17b2be166878daceada1f32f1d93e529508f625cc6dd4d2e28fc2
03_docking/vina_configs/production_LasR_2026-07-16/compound_09_LasR_2UV0_run02_seed2026071652.conf	docking_protocol_or_config	561	2026-07-16T19:50:24.742930+00:00	c384a17fe8c03f68da6d885ba1d8a5da3ec4ef62b3c740ed948d8bfd893f5ed3
03_docking/vina_configs/production_LasR_2026-07-16/compound_09_LasR_2UV0_run03_seed2026071653.conf	docking_protocol_or_config	561	2026-07-16T19:50:24.748930+00:00	d436f7d67b0b8feae4706aafb5f5b414fd3df330e007b3988a45b1a08cf879fc
03_docking/vina_configs/production_LasR_2026-07-16/compound_09_LasR_2UV0_run04_seed2026071654.conf	docking_protocol_or_config	561	2026-07-16T19:50:24.755930+00:00	efa654406b53e5a8f7052b05d93b3ff352bc1433a536ebc216d2d1d44a6181fd
03_docking/vina_configs/production_LasR_2026-07-16/compound_09_LasR_2UV0_run05_seed2026071655.conf	docking_protocol_or_config	561	2026-07-16T19:50:24.762930+00:00	402a856ba64db735dd217f204dce7c401263d98e1b307dfbaec13f6b486120c1
03_docking/vina_configs/production_LasR_2026-07-16/compound_11_LasR_2UV0_run01_seed2026071661.conf	docking_protocol_or_config	561	2026-07-16T19:50:24.769930+00:00	387ec43ac860f1b65561718c85266258274169309bd0e37e86635d36881283db
03_docking/vina_configs/production_LasR_2026-07-16/compound_11_LasR_2UV0_run02_seed2026071662.conf	docking_protocol_or_config	561	2026-07-16T19:50:24.776930+00:00	556d57291a8d19c972268b75fd95e2a80f6f078fcfb69997a652c91dbd095d39
03_docking/vina_configs/production_LasR_2026-07-16/compound_11_LasR_2UV0_run03_seed2026071663.conf	docking_protocol_or_config	561	2026-07-16T19:50:24.783930+00:00	66923464656826e308e8749563f03199bdee18756b61c604e26c06a85e60f348
03_docking/vina_configs/production_LasR_2026-07-16/compound_11_LasR_2UV0_run04_seed2026071664.conf	docking_protocol_or_config	561	2026-07-16T19:50:24.789930+00:00	8ac88695bd628f67a8ecac7de06871508196cf9372baf87d38bea63d8d2f762b
03_docking/vina_configs/production_LasR_2026-07-16/compound_11_LasR_2UV0_run05_seed2026071665.conf	docking_protocol_or_config	561	2026-07-16T19:50:24.796930+00:00	be0f953955daeaf52cd84dd18d76a08a35a7ef0a68e3c3454b772428a4a04e1a
03_docking/vina_configs/step9_PqsR_exploratory_analysis_addendum_preregistered_2026-07-17.txt	docking_protocol_or_config	3900	2026-07-17T08:51:01.873314+00:00	eef880ca4d8fe86a7c2ff84605d19ecdc034d8a58e11d875ec6a0b61d6cc0d7a
03_docking/vina_configs/step9_PqsR_specific_validation_protocol_v3_multiseed_top5_preregistered_2026-07-16.txt	docking_protocol_or_config	3479	2026-07-16T17:18:04.538318+00:00	7d0db3bc9b8a89fb6001c26b55384122cf5fbf6283d6a262a0195363091873db
03_docking/vina_configs/step9_PqsR_specific_validation_protocol_v4_confirmatory_multiseed_top7_preregistered_2026-07-16.txt	docking_protocol_or_config	4879	2026-07-16T18:27:14.893810+00:00	66a5a1ecd89b2a386962cbb74eaf83f53b1660eb705ca4e6e18a6fd2c41e3538
03_docking/vina_configs/step9_production_and_exploratory_docking_protocol_preregistered_2026-07-16.txt	docking_protocol_or_config	6034	2026-07-16T19:47:34.326641+00:00	b2d00f6dd1d9cc62772f242e24b4c5b6fcf72b6de9e519b5074d7a94c805f9c4
03_docking/vina_configs/step9_redocking_protocol_preregistered_2026-07-16.txt	docking_protocol_or_config	1706	2026-07-16T14:38:50.123638+00:00	0256ae31902c07613aa8df971633de3f2b3cfcfff814df21ef2dfd7323ad3eee
03_docking/vina_configs/step9_redocking_protocol_v2_vinardo_preregistered_2026-07-16.txt	docking_protocol_or_config	3417	2026-07-16T16:33:33.013388+00:00	e8ebd7a1168023f90fbf254ab76d211d7944f4f2ac4ae58abdb08236ee165faa
03_docking/vina_outputs/exploratory/PqsR_4JVI_2026-07-17/PqsR_4JVI_exploratory_centroid_clustering_report_2026-07-17.txt	PqsR_exploratory_output	5615	2026-07-17T10:32:46.133297+00:00	0a9b130db9f22b2f89b624bd52b1bd596ac804a133fc3c15872289e5e11680c6
03_docking/vina_outputs/exploratory/PqsR_4JVI_2026-07-17/PqsR_4JVI_exploratory_direct_contact_complete_linkage_clustering_report_2026-07-17.txt	PqsR_exploratory_output	15602	2026-07-17T11:15:23.355481+00:00	90fdb3241ac04c85b2e9205dbeba6bd88f21a1a14e3452361ad9047bba7901a8
03_docking/vina_outputs/exploratory/PqsR_4JVI_2026-07-17/PqsR_4JVI_exploratory_direct_pocket_engagement_report_2026-07-17.txt	PqsR_exploratory_output	36241	2026-07-17T11:08:03.766133+00:00	f770f9a0d493a46ee09a5c0485008a7e0663a32520b6b794a006343ddc52f82d
03_docking/vina_outputs/exploratory/PqsR_4JVI_2026-07-17/PqsR_4JVI_exploratory_master_runner.log	PqsR_exploratory_output	2916	2026-07-17T10:20:09.132364+00:00	8062c6e78af269bf406599907a6e8d65c3078eaaf5d03b7ffa478b2c694951ab
03_docking/vina_outputs/exploratory/PqsR_4JVI_2026-07-17/PqsR_4JVI_exploratory_master_summary.tsv	PqsR_exploratory_output	6266	2026-07-17T10:20:09.128364+00:00	d8cc31ccbaa4c3bd97ca76d6381d34e2ae44011be74f1d5c0cc1261770b09e90
03_docking/vina_outputs/exploratory/PqsR_4JVI_2026-07-17/compound_08/run01_seed2026071671/compound_08_PqsR_4JVI_run01_seed2026071671_poses.pdbqt	PqsR_exploratory_output	129020	2026-07-17T09:35:31.430606+00:00	91d780d56a8ef8990b02966e6fad40d5091e01f6e8b390e03127b5601ce778fb
03_docking/vina_outputs/exploratory/PqsR_4JVI_2026-07-17/compound_08/run01_seed2026071671/compound_08_PqsR_4JVI_run01_seed2026071671_run.log	PqsR_exploratory_output	14790	2026-07-17T09:35:31.432606+00:00	136d6b536d1dbf9f7285708ac2dc511127c6cc59fc216f4336c5e58837cb4948
03_docking/vina_outputs/exploratory/PqsR_4JVI_2026-07-17/compound_08/run01_seed2026071671/compound_08_PqsR_4JVI_run01_seed2026071671_run_record.txt	PqsR_exploratory_output	1745	2026-07-17T09:35:31.521606+00:00	381dbe27495f54b4d59d955b70f7f4aee165ab474900fdda5eda9f101bb5195e
03_docking/vina_outputs/exploratory/PqsR_4JVI_2026-07-17/compound_08/run01_seed2026071671/compound_08_PqsR_4JVI_run01_seed2026071671_time.log	PqsR_exploratory_output	1067	2026-07-17T09:35:31.479606+00:00	e43fe67f1b5bac8067213e854d3b555b662eaf5ca067a666e7dd597585394b22
03_docking/vina_outputs/exploratory/PqsR_4JVI_2026-07-17/compound_08/run02_seed2026071672/compound_08_PqsR_4JVI_run02_seed2026071672_poses.pdbqt	PqsR_exploratory_output	135811	2026-07-17T09:45:12.116372+00:00	a8aff50fdc67b5b63512abef3ad1cc560128a84ba6b7815bea94a8203bc53452
03_docking/vina_outputs/exploratory/PqsR_4JVI_2026-07-17/compound_08/run02_seed2026071672/compound_08_PqsR_4JVI_run02_seed2026071672_run.log	PqsR_exploratory_output	14781	2026-07-17T09:45:12.119372+00:00	b6b63a53608f767b1d604c4c9a3734c85b1e273b4f53fdf3f8fd548f1d787ea5
03_docking/vina_outputs/exploratory/PqsR_4JVI_2026-07-17/compound_08/run02_seed2026071672/compound_08_PqsR_4JVI_run02_seed2026071672_run_record.txt	PqsR_exploratory_output	1744	2026-07-17T09:45:12.210373+00:00	4b1452983464745de35e4d3e6b98ad3c0cce290a4337127eb1b54345cb6518bf
03_docking/vina_outputs/exploratory/PqsR_4JVI_2026-07-17/compound_08/run02_seed2026071672/compound_08_PqsR_4JVI_run02_seed2026071672_time.log	PqsR_exploratory_output	1065	2026-07-17T09:45:12.166373+00:00	fffb71a2fe8ff04b006c55039352cf811e9d5d5d40c7bdc6baccab108a8ab05e
03_docking/vina_outputs/exploratory/PqsR_4JVI_2026-07-17/compound_08/run03_seed2026071673/compound_08_PqsR_4JVI_run03_seed2026071673_poses.pdbqt	PqsR_exploratory_output	122229	2026-07-17T09:55:48.738759+00:00	27013d1abd492c5b57b492b9ed45a0c1626b5585a0390ab9ba282e88dddb3ff7
03_docking/vina_outputs/exploratory/PqsR_4JVI_2026-07-17/compound_08/run03_seed2026071673/compound_08_PqsR_4JVI_run03_seed2026071673_run.log	PqsR_exploratory_output	14785	2026-07-17T09:55:48.740759+00:00	743b042491da1b09885e3d8ffcdec38d0b01bfcc46ffa6d7d6829f27645303a1
03_docking/vina_outputs/exploratory/PqsR_4JVI_2026-07-17/compound_08/run03_seed2026071673/compound_08_PqsR_4JVI_run03_seed2026071673_run_record.txt	PqsR_exploratory_output	1745	2026-07-17T09:55:48.831760+00:00	f3c942e9157854f2820fcdd6a3334283937c4897a1346a84365f9e1c5f7994e3
03_docking/vina_outputs/exploratory/PqsR_4JVI_2026-07-17/compound_08/run03_seed2026071673/compound_08_PqsR_4JVI_run03_seed2026071673_time.log	PqsR_exploratory_output	1066	2026-07-17T09:55:48.788760+00:00	0ed3a790e364875d7aa4ec042ed7bdc66b47aeb5bb3957c1873a3429878abc2b
03_docking/vina_outputs/exploratory/PqsR_4JVI_2026-07-17/compound_08/run04_seed2026071674/compound_08_PqsR_4JVI_run04_seed2026071674_poses.pdbqt	PqsR_exploratory_output	129020	2026-07-17T10:08:17.660448+00:00	664efa94533e52707cd88af8898318916cc80fe8f93ca066f7d9c0d987493983
03_docking/vina_outputs/exploratory/PqsR_4JVI_2026-07-17/compound_08/run04_seed2026071674/compound_08_PqsR_4JVI_run04_seed2026071674_run.log	PqsR_exploratory_output	14796	2026-07-17T10:08:17.663448+00:00	af56257e6d1b2f0c03a4d1529938f22f438965b3abc344c0930d395eb3ef00e6
03_docking/vina_outputs/exploratory/PqsR_4JVI_2026-07-17/compound_08/run04_seed2026071674/compound_08_PqsR_4JVI_run04_seed2026071674_run_record.txt	PqsR_exploratory_output	1745	2026-07-17T10:08:17.754448+00:00	58b156521009f67fcd5b2c874c6ce88a735b547c242fe39665f99e73069d4af0
03_docking/vina_outputs/exploratory/PqsR_4JVI_2026-07-17/compound_08/run04_seed2026071674/compound_08_PqsR_4JVI_run04_seed2026071674_time.log	PqsR_exploratory_output	1066	2026-07-17T10:08:17.710448+00:00	39720483a2a6eff63fee509b0f2359023c2f22d0c21b7ce9555fb68e8fe8e31c
03_docking/vina_outputs/exploratory/PqsR_4JVI_2026-07-17/compound_08/run05_seed2026071675/compound_08_PqsR_4JVI_run05_seed2026071675_poses.pdbqt	PqsR_exploratory_output	129020	2026-07-17T10:20:09.027363+00:00	4b8bd4a3248d6dd384bcae78683b556dd0e4e7bca728fb951d75038c1774522e
03_docking/vina_outputs/exploratory/PqsR_4JVI_2026-07-17/compound_08/run05_seed2026071675/compound_08_PqsR_4JVI_run05_seed2026071675_run.log	PqsR_exploratory_output	14791	2026-07-17T10:20:09.030363+00:00	af17258dd74c3b61d9ba7087423f2ad8dc5cb5c21523a44fb8bc5efe9687becd
03_docking/vina_outputs/exploratory/PqsR_4JVI_2026-07-17/compound_08/run05_seed2026071675/compound_08_PqsR_4JVI_run05_seed2026071675_run_record.txt	PqsR_exploratory_output	1745	2026-07-17T10:20:09.122364+00:00	7437fee1e03d99412b60fec926bf4b38935e2e7da273f51a37602ec63fcbab24
03_docking/vina_outputs/exploratory/PqsR_4JVI_2026-07-17/compound_08/run05_seed2026071675/compound_08_PqsR_4JVI_run05_seed2026071675_time.log	PqsR_exploratory_output	1067	2026-07-17T10:20:09.077363+00:00	09cbc6c990cbd4bd98b930f0868acf03e35dbb4caad51eb7d48c8f3631568d59
03_docking/vina_outputs/exploratory/PqsR_4JVI_2026-07-17/compound_09/run01_seed2026071681/compound_09_PqsR_4JVI_run01_seed2026071681_poses.pdbqt	PqsR_exploratory_output	74756	2026-07-17T09:17:37.467694+00:00	cea07f8c77129d9d185ea115dfe40af6452e40b2982c19739e93c6b8692e0551
03_docking/vina_outputs/exploratory/PqsR_4JVI_2026-07-17/compound_09/run01_seed2026071681/compound_09_PqsR_4JVI_run01_seed2026071681_run.log	PqsR_exploratory_output	14783	2026-07-17T09:17:37.469693+00:00	5468669e59ba59855692f7af183eb7497c6e7cbb6dcff9eb14810e46c51e41a9
03_docking/vina_outputs/exploratory/PqsR_4JVI_2026-07-17/compound_09/run01_seed2026071681/compound_09_PqsR_4JVI_run01_seed2026071681_run_record.txt	PqsR_exploratory_output	1743	2026-07-17T09:17:37.539694+00:00	5b1459ce33e902f78a54dd5d0a4c175751cf6119a63262284efe0c641b6e8566
03_docking/vina_outputs/exploratory/PqsR_4JVI_2026-07-17/compound_09/run01_seed2026071681/compound_09_PqsR_4JVI_run01_seed2026071681_time.log	PqsR_exploratory_output	1063	2026-07-17T09:17:37.497694+00:00	2cd465667bd4763fc683ff077fb1f8538bc552f4327e9ce50fbd6325a43542d1
03_docking/vina_outputs/exploratory/PqsR_4JVI_2026-07-17/compound_09/run02_seed2026071682/compound_09_PqsR_4JVI_run02_seed2026071682_poses.pdbqt	PqsR_exploratory_output	78691	2026-07-17T09:19:03.181438+00:00	65b19001b9f592632a99667ac90851c3dedd9562e75d6bfa1b3056f1840a476d
03_docking/vina_outputs/exploratory/PqsR_4JVI_2026-07-17/compound_09/run02_seed2026071682/compound_09_PqsR_4JVI_run02_seed2026071682_run.log	PqsR_exploratory_output	14781	2026-07-17T09:19:03.183438+00:00	dfdecf48a3c909500a8e9c6f8e0e71a0aa8c5d97d73282209d2b4531c796bfa5
03_docking/vina_outputs/exploratory/PqsR_4JVI_2026-07-17/compound_09/run02_seed2026071682/compound_09_PqsR_4JVI_run02_seed2026071682_run_record.txt	PqsR_exploratory_output	1743	2026-07-17T09:19:03.255439+00:00	cc87874b038f065791fe12c961f99959285a420efe9a47a1cdf4d19e90e28d78
03_docking/vina_outputs/exploratory/PqsR_4JVI_2026-07-17/compound_09/run02_seed2026071682/compound_09_PqsR_4JVI_run02_seed2026071682_time.log	PqsR_exploratory_output	1063	2026-07-17T09:19:03.212439+00:00	967193e3afd6e829872e525407f67a88e3df42eff585b412b0610918db8b760d
03_docking/vina_outputs/exploratory/PqsR_4JVI_2026-07-17/compound_09/run03_seed2026071683/compound_09_PqsR_4JVI_run03_seed2026071683_poses.pdbqt	PqsR_exploratory_output	78691	2026-07-17T09:20:32.248202+00:00	440fbdc5704e3f7e7ef9b609f1f34e6efe7f139bd34b796245c158ac0f9c8a1e
03_docking/vina_outputs/exploratory/PqsR_4JVI_2026-07-17/compound_09/run03_seed2026071683/compound_09_PqsR_4JVI_run03_seed2026071683_run.log	PqsR_exploratory_output	14781	2026-07-17T09:20:32.250202+00:00	c7a0cb421e60c1885cab1454b343936003c958de2b411c75c7af74893b7389c8
03_docking/vina_outputs/exploratory/PqsR_4JVI_2026-07-17/compound_09/run03_seed2026071683/compound_09_PqsR_4JVI_run03_seed2026071683_run_record.txt	PqsR_exploratory_output	1743	2026-07-17T09:20:32.323203+00:00	8f544beded10804087c75246eddf941b9d098415724b200b32f5491b00c49068
03_docking/vina_outputs/exploratory/PqsR_4JVI_2026-07-17/compound_09/run03_seed2026071683/compound_09_PqsR_4JVI_run03_seed2026071683_time.log	PqsR_exploratory_output	1063	2026-07-17T09:20:32.279202+00:00	f73f8f0599921e93fc60ddda0e049cdd3826e2d77298395d0a4bdcf27f74abb5
03_docking/vina_outputs/exploratory/PqsR_4JVI_2026-07-17/compound_09/run04_seed2026071684/compound_09_PqsR_4JVI_run04_seed2026071684_poses.pdbqt	PqsR_exploratory_output	74756	2026-07-17T09:21:58.444933+00:00	2c7a90127081cc02d9acbcd96c0d537ae7787ed802022e5546638ee7ed4d2dd8
03_docking/vina_outputs/exploratory/PqsR_4JVI_2026-07-17/compound_09/run04_seed2026071684/compound_09_PqsR_4JVI_run04_seed2026071684_run.log	PqsR_exploratory_output	14785	2026-07-17T09:21:58.446933+00:00	0a33e6c63516ab69da3b927802526c7597335110132620f0a578bffaa001c24b
03_docking/vina_outputs/exploratory/PqsR_4JVI_2026-07-17/compound_09/run04_seed2026071684/compound_09_PqsR_4JVI_run04_seed2026071684_run_record.txt	PqsR_exploratory_output	1743	2026-07-17T09:21:58.518934+00:00	f009597f6b1997746287b3f664486a2d955ad75635ed4ac33cd3d2d17ddc153a
03_docking/vina_outputs/exploratory/PqsR_4JVI_2026-07-17/compound_09/run04_seed2026071684/compound_09_PqsR_4JVI_run04_seed2026071684_time.log	PqsR_exploratory_output	1063	2026-07-17T09:21:58.475934+00:00	f01bd902103b83084568ef97c35c83dd08eaf2b0c2374595298124aa1d808cdb
03_docking/vina_outputs/exploratory/PqsR_4JVI_2026-07-17/compound_09/run05_seed2026071685/compound_09_PqsR_4JVI_run05_seed2026071685_poses.pdbqt	PqsR_exploratory_output	78691	2026-07-17T09:23:31.853718+00:00	e0c2cf5453e79c569014ca4054d79f5ddd852236c7e3ba714866217f8a4b5a65
03_docking/vina_outputs/exploratory/PqsR_4JVI_2026-07-17/compound_09/run05_seed2026071685/compound_09_PqsR_4JVI_run05_seed2026071685_run.log	PqsR_exploratory_output	14781	2026-07-17T09:23:31.855718+00:00	cf83b0d9fed7e6b213ea0793e126d64368ceb9b6d92f7f608d782431a81f101c
03_docking/vina_outputs/exploratory/PqsR_4JVI_2026-07-17/compound_09/run05_seed2026071685/compound_09_PqsR_4JVI_run05_seed2026071685_run_record.txt	PqsR_exploratory_output	1743	2026-07-17T09:23:31.921719+00:00	117a2b95df719f0a71b0867b956d94065a5035bb6617ead5d048dadd9f4de646
03_docking/vina_outputs/exploratory/PqsR_4JVI_2026-07-17/compound_09/run05_seed2026071685/compound_09_PqsR_4JVI_run05_seed2026071685_time.log	PqsR_exploratory_output	1063	2026-07-17T09:23:31.884718+00:00	ef313312c6647e7550d1faab9158ee68662227ea6176234cef70dbbb9ad12fb5
03_docking/vina_outputs/exploratory/PqsR_4JVI_2026-07-17/compound_11/run01_seed2026071691/compound_11_PqsR_4JVI_run01_seed2026071691_poses.pdbqt	PqsR_exploratory_output	40751	2026-07-17T09:15:23.647507+00:00	0c84ac0d2fe6296e1d5da116b8d9912ad410a193d29547935146ee81f14a57bf
03_docking/vina_outputs/exploratory/PqsR_4JVI_2026-07-17/compound_11/run01_seed2026071691/compound_11_PqsR_4JVI_run01_seed2026071691_run.log	PqsR_exploratory_output	14741	2026-07-17T09:15:23.650507+00:00	2b929ef96e9b9515d17ce88c7f9a3bf9eb869498818877b5e7d70a87e1ddb5be
03_docking/vina_outputs/exploratory/PqsR_4JVI_2026-07-17/compound_11/run01_seed2026071691/compound_11_PqsR_4JVI_run01_seed2026071691_run_record.txt	PqsR_exploratory_output	1743	2026-07-17T09:15:23.712508+00:00	da1d9ae2b97293550292a3e7ebb7c3adda042768d67f5d67c332f5810b86e5ee
03_docking/vina_outputs/exploratory/PqsR_4JVI_2026-07-17/compound_11/run01_seed2026071691/compound_11_PqsR_4JVI_run01_seed2026071691_time.log	PqsR_exploratory_output	1062	2026-07-17T09:15:23.671508+00:00	af4e6747b73854fb7b84f3a69a706482b2ff563a800b4c906eef33b6953e3226
03_docking/vina_outputs/exploratory/PqsR_4JVI_2026-07-17/compound_11/run02_seed2026071692/compound_11_PqsR_4JVI_run02_seed2026071692_poses.pdbqt	PqsR_exploratory_output	40751	2026-07-17T09:15:33.809599+00:00	fe01e9ee1a068d5477bd0f7f7b83b49773892a7014f9a8e3a3286aac6c612866
03_docking/vina_outputs/exploratory/PqsR_4JVI_2026-07-17/compound_11/run02_seed2026071692/compound_11_PqsR_4JVI_run02_seed2026071692_run.log	PqsR_exploratory_output	14741	2026-07-17T09:15:33.812599+00:00	2a899d15aa958eeeab55ef459a51f788289f40e2766d6c861388309858859c53
03_docking/vina_outputs/exploratory/PqsR_4JVI_2026-07-17/compound_11/run02_seed2026071692/compound_11_PqsR_4JVI_run02_seed2026071692_run_record.txt	PqsR_exploratory_output	1743	2026-07-17T09:15:33.873599+00:00	c2eb3b80ee63cb5dabffccf5e2551a6e9c0471bb85213c485fdb0e70bd58a016
03_docking/vina_outputs/exploratory/PqsR_4JVI_2026-07-17/compound_11/run02_seed2026071692/compound_11_PqsR_4JVI_run02_seed2026071692_time.log	PqsR_exploratory_output	1061	2026-07-17T09:15:33.834599+00:00	8f2dbcc1e41f9c553f7e90f72d8af861407b8d4b101e0b10793dff923d122d81
03_docking/vina_outputs/exploratory/PqsR_4JVI_2026-07-17/compound_11/run03_seed2026071693/compound_11_PqsR_4JVI_run03_seed2026071693_poses.pdbqt	PqsR_exploratory_output	40751	2026-07-17T09:15:44.007690+00:00	9a84d0ce816d47598280f311b2db196f66a9fbbe3ee05162e72a8697a9f37395
03_docking/vina_outputs/exploratory/PqsR_4JVI_2026-07-17/compound_11/run03_seed2026071693/compound_11_PqsR_4JVI_run03_seed2026071693_run.log	PqsR_exploratory_output	14743	2026-07-17T09:15:44.009690+00:00	e4fd4ed7ed89d0080df921a66c64750e5d229bde808e761432a6957ac0ef75f3
03_docking/vina_outputs/exploratory/PqsR_4JVI_2026-07-17/compound_11/run03_seed2026071693/compound_11_PqsR_4JVI_run03_seed2026071693_run_record.txt	PqsR_exploratory_output	1743	2026-07-17T09:15:44.071691+00:00	26ca01a19c82c2e9a3e91c83e3ec873178ee6f6debcfbea28b9460dcaca5dabf
03_docking/vina_outputs/exploratory/PqsR_4JVI_2026-07-17/compound_11/run03_seed2026071693/compound_11_PqsR_4JVI_run03_seed2026071693_time.log	PqsR_exploratory_output	1061	2026-07-17T09:15:44.031690+00:00	0b62605ef50aa90ef875a5f05f32cf36eff84d6f279900cc73ce4bf59b4bafe1
03_docking/vina_outputs/exploratory/PqsR_4JVI_2026-07-17/compound_11/run04_seed2026071694/compound_11_PqsR_4JVI_run04_seed2026071694_poses.pdbqt	PqsR_exploratory_output	40751	2026-07-17T09:15:54.231781+00:00	a6b1e50323fbbda4727ac47d4318f243ff2e360deb73fd448d99ec23adfa201b
03_docking/vina_outputs/exploratory/PqsR_4JVI_2026-07-17/compound_11/run04_seed2026071694/compound_11_PqsR_4JVI_run04_seed2026071694_run.log	PqsR_exploratory_output	14739	2026-07-17T09:15:54.234782+00:00	6a3e1474f0633d1fca7a413e71db63cf4220df4e165bf469b635e377746de368
03_docking/vina_outputs/exploratory/PqsR_4JVI_2026-07-17/compound_11/run04_seed2026071694/compound_11_PqsR_4JVI_run04_seed2026071694_run_record.txt	PqsR_exploratory_output	1743	2026-07-17T09:15:54.295782+00:00	ba7d16d5d7939b4ceb55d74594048d489bcbf04923a10425af3745938f67b429
03_docking/vina_outputs/exploratory/PqsR_4JVI_2026-07-17/compound_11/run04_seed2026071694/compound_11_PqsR_4JVI_run04_seed2026071694_time.log	PqsR_exploratory_output	1061	2026-07-17T09:15:54.256782+00:00	88a07c1716476079893948f919aaee93195e7432a7bba79d0fceb62a088e459d
03_docking/vina_outputs/exploratory/PqsR_4JVI_2026-07-17/compound_11/run05_seed2026071695/compound_11_PqsR_4JVI_run05_seed2026071695_poses.pdbqt	PqsR_exploratory_output	40751	2026-07-17T09:16:04.375872+00:00	bb3b59d3f1e9395d79a61e115d0a0fe8f0366f84d290f7d350fc3cd351dad7ed
03_docking/vina_outputs/exploratory/PqsR_4JVI_2026-07-17/compound_11/run05_seed2026071695/compound_11_PqsR_4JVI_run05_seed2026071695_run.log	PqsR_exploratory_output	14741	2026-07-17T09:16:04.377872+00:00	798bfe91d811cb69f496c3cc304fc6e9ea7a4d2eaeb1390d7bf1c474f22d6600
03_docking/vina_outputs/exploratory/PqsR_4JVI_2026-07-17/compound_11/run05_seed2026071695/compound_11_PqsR_4JVI_run05_seed2026071695_run_record.txt	PqsR_exploratory_output	1743	2026-07-17T09:16:04.441872+00:00	510e717ac067cd829092fa1ebfbed707e02bdb33493be56661a8785e43d7634a
03_docking/vina_outputs/exploratory/PqsR_4JVI_2026-07-17/compound_11/run05_seed2026071695/compound_11_PqsR_4JVI_run05_seed2026071695_time.log	PqsR_exploratory_output	1061	2026-07-17T09:16:04.398872+00:00	f07712e9886121099d5fd6c3f0cbf2e1bbdf9aacf57807c75c71d6fd1a21990d
03_docking/vina_outputs/exploratory/PqsR_4JVI_2026-07-17/selected_representatives_final/compound_08_PqsR_4JVI_cluster1_medoid_run01_mode15.pdbqt	PqsR_exploratory_output	6775	2026-07-17T11:28:03.931257+00:00	ee7814ef1046cd1945d4666935418797d48c00672627e873390ab2010112b91e
03_docking/vina_outputs/exploratory/PqsR_4JVI_2026-07-17/selected_representatives_final/compound_08_PqsR_4JVI_cluster1_medoid_selection_record.txt	PqsR_exploratory_output	1434	2026-07-17T11:28:03.931746+00:00	201f4b3bd9aaa9b96dc4823aed7ab15b70a28fd324c6f7a99447916f619ea02c
03_docking/vina_outputs/exploratory/PqsR_4JVI_2026-07-17/selected_representatives_final/compound_09_PqsR_4JVI_cluster1_medoid_run01_mode16.pdbqt	PqsR_exploratory_output	3919	2026-07-17T11:28:03.930497+00:00	43f5a9cc72c10cd3edf08b3b5fcb9ce90f38bab224167cce1397d7d68e9e3c7b
03_docking/vina_outputs/exploratory/PqsR_4JVI_2026-07-17/selected_representatives_final/compound_09_PqsR_4JVI_cluster1_medoid_selection_record.txt	PqsR_exploratory_output	1389	2026-07-17T11:28:03.930804+00:00	6846fd1887e8949b7e2e050af424d808e71ed885ad1d37633b4c967c90d39802
03_docking/vina_outputs/exploratory/PqsR_4JVI_2026-07-17/selected_representatives_final/compound_11_PqsR_4JVI_cluster1_medoid_run04_mode04.pdbqt	PqsR_exploratory_output	2022	2026-07-17T11:28:03.929794+00:00	9f46b101f435df0479e366726d2f0eb153b55fcf9824b915a3de1fc09d9050f4
03_docking/vina_outputs/exploratory/PqsR_4JVI_2026-07-17/selected_representatives_final/compound_11_PqsR_4JVI_cluster1_medoid_selection_record.txt	PqsR_exploratory_output	1375	2026-07-17T11:28:03.930143+00:00	a0ff80f87ead3f3fd6311e057ed729ece3df3aef511433ff0b63346d34c49a0b
03_docking/vina_outputs/production/LasR_2UV0_2026-07-16/LasR_2UV0_posthoc_partial_pocket_engagement_report_2026-07-17.txt	LasR_production_output	9669	2026-07-17T10:55:28.399077+00:00	e6979e26e01e81660f061dcbb55ba2dec2fd811093ab6a80b2e7f6c148ce86c4
03_docking/vina_outputs/production/LasR_2UV0_2026-07-16/LasR_2UV0_production_master_runner.log	LasR_production_output	2747	2026-07-16T21:35:17.559087+00:00	7305e611e26662b4c1c809f1bf02ec4a8dd0ec938f6137b27c560e5ec441c71d
03_docking/vina_outputs/production/LasR_2UV0_2026-07-16/LasR_2UV0_production_master_summary.tsv	LasR_production_output	6282	2026-07-16T21:35:17.556087+00:00	09fbf62515edbd2519b14bf5a8e2d94fda413db8866dc47fb3f9ba439d920fef
03_docking/vina_outputs/production/LasR_2UV0_2026-07-16/compound_08/run01_seed2026071641/compound_08_LasR_2UV0_run01_seed2026071641_poses.pdbqt	LasR_production_output	135811	2026-07-16T20:18:23.697236+00:00	e9d0f5705b65155c280b0663c4d7b5decf3536a127dec0555186a0183bf12cac
03_docking/vina_outputs/production/LasR_2UV0_2026-07-16/compound_08/run01_seed2026071641/compound_08_LasR_2UV0_run01_seed2026071641_run.log	LasR_production_output	14801	2026-07-16T20:18:23.724236+00:00	0144d5dc235680f4dc371ac98d6baa322d0570b38739a2604efd40510386b009
03_docking/vina_outputs/production/LasR_2UV0_2026-07-16/compound_08/run01_seed2026071641/compound_08_LasR_2UV0_run01_seed2026071641_run_record.txt	LasR_production_output	1839	2026-07-16T20:18:23.760236+00:00	b08036ae0722bdeb5fb26b37ffcaeedac7900514a5411572cba772041a4154b9
03_docking/vina_outputs/production/LasR_2UV0_2026-07-16/compound_08/run01_seed2026071641/compound_08_LasR_2UV0_run01_seed2026071641_time.log	LasR_production_output	883	2026-07-16T20:18:23.753236+00:00	ab18872a4d6508d908ece0ccf4925e146583de5118ebae96cf70a7a5dd490c31
03_docking/vina_outputs/production/LasR_2UV0_2026-07-16/compound_08/run02_seed2026071642/compound_08_LasR_2UV0_run02_seed2026071642_poses.pdbqt	LasR_production_output	135811	2026-07-16T20:35:18.145146+00:00	6c3c00c16af60fe5115652b1d207fdf138083af27173faa46ef502f25a00fb3b
03_docking/vina_outputs/production/LasR_2UV0_2026-07-16/compound_08/run02_seed2026071642/compound_08_LasR_2UV0_run02_seed2026071642_run.log	LasR_production_output	14801	2026-07-16T20:35:18.171146+00:00	52587b689b17174685746d8abf880cc20e1d8d39c2c9bdffb9c5db29fa280d22
03_docking/vina_outputs/production/LasR_2UV0_2026-07-16/compound_08/run02_seed2026071642/compound_08_LasR_2UV0_run02_seed2026071642_run_record.txt	LasR_production_output	1839	2026-07-16T20:35:18.207146+00:00	d041f8228cb7ae04d013afa4017315d5c37f393b674bb374afbb8931db896295
03_docking/vina_outputs/production/LasR_2UV0_2026-07-16/compound_08/run02_seed2026071642/compound_08_LasR_2UV0_run02_seed2026071642_time.log	LasR_production_output	883	2026-07-16T20:35:18.200146+00:00	49486d8a110e39a28c1510d56bdc6ec1101cadc8093f0a4757d772a18fc89b4f
03_docking/vina_outputs/production/LasR_2UV0_2026-07-16/compound_08/run03_seed2026071643/compound_08_LasR_2UV0_run03_seed2026071643_poses.pdbqt	LasR_production_output	135811	2026-07-16T20:53:27.201627+00:00	545ab3238b683794e313914f653e001d4af32711d55e08869a6226dbee6398f0
03_docking/vina_outputs/production/LasR_2UV0_2026-07-16/compound_08/run03_seed2026071643/compound_08_LasR_2UV0_run03_seed2026071643_run.log	LasR_production_output	14800	2026-07-16T20:53:27.227628+00:00	647072a391cd892b44082c4b5c16c6ce32ec547568867728765b347e7ad45247
03_docking/vina_outputs/production/LasR_2UV0_2026-07-16/compound_08/run03_seed2026071643/compound_08_LasR_2UV0_run03_seed2026071643_run_record.txt	LasR_production_output	1839	2026-07-16T20:53:27.262628+00:00	4699842e6a37bcaef516151299de2a208dc0120444d2d9b3f0d2dc50882516db
03_docking/vina_outputs/production/LasR_2UV0_2026-07-16/compound_08/run03_seed2026071643/compound_08_LasR_2UV0_run03_seed2026071643_time.log	LasR_production_output	883	2026-07-16T20:53:27.257628+00:00	589a1b13f4c58c51f4c83a8a5dd27417febbbdc6e702511e6a0bdf283031b6e8
03_docking/vina_outputs/production/LasR_2UV0_2026-07-16/compound_08/run04_seed2026071644/compound_08_LasR_2UV0_run04_seed2026071644_poses.pdbqt	LasR_production_output	135811	2026-07-16T21:10:31.137661+00:00	a2f6d9187aac679a6cc13e230e38da1692cecce5e218782d1aa9bd91534931df
03_docking/vina_outputs/production/LasR_2UV0_2026-07-16/compound_08/run04_seed2026071644/compound_08_LasR_2UV0_run04_seed2026071644_run.log	LasR_production_output	14801	2026-07-16T21:10:31.167661+00:00	8818a7de40846928b409de27dac7c6d36d737608e5089bc84054da06a1cc2551
03_docking/vina_outputs/production/LasR_2UV0_2026-07-16/compound_08/run04_seed2026071644/compound_08_LasR_2UV0_run04_seed2026071644_run_record.txt	LasR_production_output	1839	2026-07-16T21:10:31.208662+00:00	175470fa46360aa072e1be62f282af13e7ca33ab92196c0e9346e530fddbd2b6
03_docking/vina_outputs/production/LasR_2UV0_2026-07-16/compound_08/run04_seed2026071644/compound_08_LasR_2UV0_run04_seed2026071644_time.log	LasR_production_output	883	2026-07-16T21:10:31.197662+00:00	b91fa439243ebb7d3ad1603c97bfea6343a464625b886e3900d6c0a4dd15ee19
03_docking/vina_outputs/production/LasR_2UV0_2026-07-16/compound_08/run05_seed2026071645/compound_08_LasR_2UV0_run05_seed2026071645_poses.pdbqt	LasR_production_output	135811	2026-07-16T21:26:59.226072+00:00	8ed627a100beb072cc79cf24ee094457bd0c44e5bbb5b8b8ed92062fdb3e44f5
03_docking/vina_outputs/production/LasR_2UV0_2026-07-16/compound_08/run05_seed2026071645/compound_08_LasR_2UV0_run05_seed2026071645_run.log	LasR_production_output	14801	2026-07-16T21:26:59.256072+00:00	96afc4db64346d2dd3c0efa5140b56039c13e5c797cbb6b7d1515b7fb3509e16
03_docking/vina_outputs/production/LasR_2UV0_2026-07-16/compound_08/run05_seed2026071645/compound_08_LasR_2UV0_run05_seed2026071645_run_record.txt	LasR_production_output	1839	2026-07-16T21:26:59.291072+00:00	c1b61f65cec84ab0898fcdcc313772ee24cc4193a743c0388225ae2fc5b4b3e3
03_docking/vina_outputs/production/LasR_2UV0_2026-07-16/compound_08/run05_seed2026071645/compound_08_LasR_2UV0_run05_seed2026071645_time.log	LasR_production_output	883	2026-07-16T21:26:59.286072+00:00	527f8c1108442d72fa4c161b332095bd51675e8b827a29f8c6075fa26b41fc2e
03_docking/vina_outputs/production/LasR_2UV0_2026-07-16/compound_09/run01_seed2026071651/compound_09_LasR_2UV0_run01_seed2026071651_poses.pdbqt	LasR_production_output	78691	2026-07-16T21:28:29.627805+00:00	af832590f93bb64b624145ec264ff87203992a8342bf5eebaa5cee25825bee59
03_docking/vina_outputs/production/LasR_2UV0_2026-07-16/compound_09/run01_seed2026071651/compound_09_LasR_2UV0_run01_seed2026071651_run.log	LasR_production_output	14782	2026-07-16T21:28:29.629805+00:00	af295befbdd7da44751c40793e6178b0a1736bcd593e9d06aa12e90380d700cf
03_docking/vina_outputs/production/LasR_2UV0_2026-07-16/compound_09/run01_seed2026071651/compound_09_LasR_2UV0_run01_seed2026071651_run_record.txt	LasR_production_output	1839	2026-07-16T21:28:29.666805+00:00	73bbddb7a3e4875994376d5fac3f3d3f1cc598dad3c991ae8e172e4f99333346
03_docking/vina_outputs/production/LasR_2UV0_2026-07-16/compound_09/run01_seed2026071651/compound_09_LasR_2UV0_run01_seed2026071651_time.log	LasR_production_output	880	2026-07-16T21:28:29.659805+00:00	176f4c95faa321fbbfc2b881a8a6ca99a4b5a215aaef834aeec74d28ea2b59c8
03_docking/vina_outputs/production/LasR_2UV0_2026-07-16/compound_09/run02_seed2026071652/compound_09_LasR_2UV0_run02_seed2026071652_poses.pdbqt	LasR_production_output	78691	2026-07-16T21:29:58.132520+00:00	65e7e3ebb975ec4e9acde16ff363f87015ef9d2d429907f2feac2b93bb3de93c
03_docking/vina_outputs/production/LasR_2UV0_2026-07-16/compound_09/run02_seed2026071652/compound_09_LasR_2UV0_run02_seed2026071652_run.log	LasR_production_output	14782	2026-07-16T21:29:58.134520+00:00	a724e54d135830416e2ba2a3538cafd3d472e3e1b63f69381c17b8d55af77e8b
03_docking/vina_outputs/production/LasR_2UV0_2026-07-16/compound_09/run02_seed2026071652/compound_09_LasR_2UV0_run02_seed2026071652_run_record.txt	LasR_production_output	1839	2026-07-16T21:29:58.169520+00:00	34f8a51a4ed5edbce18b11498badfea6dc70eca51857bf09d82e02765a692c14
03_docking/vina_outputs/production/LasR_2UV0_2026-07-16/compound_09/run02_seed2026071652/compound_09_LasR_2UV0_run02_seed2026071652_time.log	LasR_production_output	880	2026-07-16T21:29:58.165520+00:00	9aaa1ac5d9da3b1c0b799980dce4fdac062ea4287686b88a7a8953f8106ea348
03_docking/vina_outputs/production/LasR_2UV0_2026-07-16/compound_09/run03_seed2026071653/compound_09_LasR_2UV0_run03_seed2026071653_poses.pdbqt	LasR_production_output	78691	2026-07-16T21:31:26.293231+00:00	06a5d93f875e9c5725dc00c8e64afa76a3235130630f755a71706172b798405e
03_docking/vina_outputs/production/LasR_2UV0_2026-07-16/compound_09/run03_seed2026071653/compound_09_LasR_2UV0_run03_seed2026071653_run.log	LasR_production_output	14782	2026-07-16T21:31:26.296231+00:00	46cc5ce71f9432dfeb18f894bede423664ebbd5e21dc6ebcbbe919382d2c64e6
03_docking/vina_outputs/production/LasR_2UV0_2026-07-16/compound_09/run03_seed2026071653/compound_09_LasR_2UV0_run03_seed2026071653_run_record.txt	LasR_production_output	1839	2026-07-16T21:31:26.334231+00:00	69a4cb836a9fcac62f861777711078805162856954d968d2933e8c22291074b6
03_docking/vina_outputs/production/LasR_2UV0_2026-07-16/compound_09/run03_seed2026071653/compound_09_LasR_2UV0_run03_seed2026071653_time.log	LasR_production_output	880	2026-07-16T21:31:26.327231+00:00	f0ac80ed5b757e00f2da3564b894c8f8b738f4afa8cb8e2c48399b4686eccef3
03_docking/vina_outputs/production/LasR_2UV0_2026-07-16/compound_09/run04_seed2026071654/compound_09_LasR_2UV0_run04_seed2026071654_poses.pdbqt	LasR_production_output	78691	2026-07-16T21:32:59.083976+00:00	b16e22646f1ce75054ebccc3e49afcb063cbf2741e3d14ca91f453fbca7abdb1
03_docking/vina_outputs/production/LasR_2UV0_2026-07-16/compound_09/run04_seed2026071654/compound_09_LasR_2UV0_run04_seed2026071654_run.log	LasR_production_output	14782	2026-07-16T21:32:59.085976+00:00	444c901c3f5f82830c466e10bf43cf48e369f75722e0bc2177487869969c5730
03_docking/vina_outputs/production/LasR_2UV0_2026-07-16/compound_09/run04_seed2026071654/compound_09_LasR_2UV0_run04_seed2026071654_run_record.txt	LasR_production_output	1839	2026-07-16T21:32:59.123977+00:00	fae98724537a3b0022ce0d8fb14076131112a4510bdedab446b75e0a15ed33c0
03_docking/vina_outputs/production/LasR_2UV0_2026-07-16/compound_09/run04_seed2026071654/compound_09_LasR_2UV0_run04_seed2026071654_time.log	LasR_production_output	880	2026-07-16T21:32:59.116977+00:00	f468a1cc647de6bb91bacdf6419a5aa8060ddc9588d54236c8a64d0cd504490c
03_docking/vina_outputs/production/LasR_2UV0_2026-07-16/compound_09/run05_seed2026071655/compound_09_LasR_2UV0_run05_seed2026071655_poses.pdbqt	LasR_production_output	78691	2026-07-16T21:34:30.815712+00:00	b1bbec6fc6096f9a3d99d347fbdb1a588b1f01d865c8b1431adf46565ba34656
03_docking/vina_outputs/production/LasR_2UV0_2026-07-16/compound_09/run05_seed2026071655/compound_09_LasR_2UV0_run05_seed2026071655_run.log	LasR_production_output	14782	2026-07-16T21:34:30.818712+00:00	bb45544e9432e4b80237137fe82e8d614555a6a2526a3545edd9f8f7e239cd55
03_docking/vina_outputs/production/LasR_2UV0_2026-07-16/compound_09/run05_seed2026071655/compound_09_LasR_2UV0_run05_seed2026071655_run_record.txt	LasR_production_output	1839	2026-07-16T21:34:30.856713+00:00	e0ff9a45cf19ddbf0881b9ec76f4ccccec71d5e0eeddc169b87acfd56f72f964
03_docking/vina_outputs/production/LasR_2UV0_2026-07-16/compound_09/run05_seed2026071655/compound_09_LasR_2UV0_run05_seed2026071655_time.log	LasR_production_output	880	2026-07-16T21:34:30.849713+00:00	6466b5d57cbae696c2cfda9d64c0f8345d2ee93c9d61ad45079faf912d02e942
03_docking/vina_outputs/production/LasR_2UV0_2026-07-16/compound_11/run01_seed2026071661/compound_11_LasR_2UV0_run01_seed2026071661_poses.pdbqt	LasR_production_output	40751	2026-07-16T21:34:40.039786+00:00	843edbd9b1f64a786871b549ad7269b300813ebe97ce2ead4e9657d6467eca94
03_docking/vina_outputs/production/LasR_2UV0_2026-07-16/compound_11/run01_seed2026071661/compound_11_LasR_2UV0_run01_seed2026071661_run.log	LasR_production_output	14747	2026-07-16T21:34:40.041786+00:00	6a7214c26bb71facc7fa5917c8b3703345a09efd0d5ec4e5b81a84a77c070aa7
03_docking/vina_outputs/production/LasR_2UV0_2026-07-16/compound_11/run01_seed2026071661/compound_11_LasR_2UV0_run01_seed2026071661_run_record.txt	LasR_production_output	1839	2026-07-16T21:34:40.070786+00:00	f5edde62286c4a9035ed3c973c98464615991bed74a533be5b7c87f8ce46d419
03_docking/vina_outputs/production/LasR_2UV0_2026-07-16/compound_11/run01_seed2026071661/compound_11_LasR_2UV0_run01_seed2026071661_time.log	LasR_production_output	878	2026-07-16T21:34:40.065786+00:00	eb647789e156a6b3f178480e683fc1ef4c599699a666cc4b1f4179b194de6ede
03_docking/vina_outputs/production/LasR_2UV0_2026-07-16/compound_11/run02_seed2026071662/compound_11_LasR_2UV0_run02_seed2026071662_poses.pdbqt	LasR_production_output	40751	2026-07-16T21:34:49.362861+00:00	da7ab4de57fcb803b1eab2c55914f2dcebdada88f9f7dbf6edcf9b85b9d7575b
03_docking/vina_outputs/production/LasR_2UV0_2026-07-16/compound_11/run02_seed2026071662/compound_11_LasR_2UV0_run02_seed2026071662_run.log	LasR_production_output	14770	2026-07-16T21:34:49.363861+00:00	36a1428dee899b0a09d2e5c9629f3f362202d5c51f7e58091065f67d654665d9
03_docking/vina_outputs/production/LasR_2UV0_2026-07-16/compound_11/run02_seed2026071662/compound_11_LasR_2UV0_run02_seed2026071662_run_record.txt	LasR_production_output	1839	2026-07-16T21:34:49.394861+00:00	8fd63806669139aa73748f643fca3a631a6a90003e464cd293a5434719acda07
03_docking/vina_outputs/production/LasR_2UV0_2026-07-16/compound_11/run02_seed2026071662/compound_11_LasR_2UV0_run02_seed2026071662_time.log	LasR_production_output	878	2026-07-16T21:34:49.387861+00:00	e96cb7ab0e18715b7592a43477498ca794126ea585573d99000ead20e9091f25
03_docking/vina_outputs/production/LasR_2UV0_2026-07-16/compound_11/run03_seed2026071663/compound_11_LasR_2UV0_run03_seed2026071663_poses.pdbqt	LasR_production_output	40751	2026-07-16T21:34:58.823937+00:00	55dca06e9d3575609d073de13267fae2974639f5719eb1a911ad78b23391771f
03_docking/vina_outputs/production/LasR_2UV0_2026-07-16/compound_11/run03_seed2026071663/compound_11_LasR_2UV0_run03_seed2026071663_run.log	LasR_production_output	14770	2026-07-16T21:34:58.827937+00:00	049a9f7635f49daadfea0085f5d58529eb619a9bd1b4a3678f9959ba37a7869e
03_docking/vina_outputs/production/LasR_2UV0_2026-07-16/compound_11/run03_seed2026071663/compound_11_LasR_2UV0_run03_seed2026071663_run_record.txt	LasR_production_output	1839	2026-07-16T21:34:58.855937+00:00	32edbd0005ad0d1202ef68a84e60c0ed0fa1f5294f732e33643de1145180acac
03_docking/vina_outputs/production/LasR_2UV0_2026-07-16/compound_11/run03_seed2026071663/compound_11_LasR_2UV0_run03_seed2026071663_time.log	LasR_production_output	878	2026-07-16T21:34:58.851937+00:00	f62ef50a984c2f126f39fe442040878aafe179cabead1dc218097e5e437c526b
03_docking/vina_outputs/production/LasR_2UV0_2026-07-16/compound_11/run04_seed2026071664/compound_11_LasR_2UV0_run04_seed2026071664_poses.pdbqt	LasR_production_output	40751	2026-07-16T21:35:08.134011+00:00	2db5321ce893c238a9ad09645355fddacd54af52fa82834bac626db81f5d42b2
03_docking/vina_outputs/production/LasR_2UV0_2026-07-16/compound_11/run04_seed2026071664/compound_11_LasR_2UV0_run04_seed2026071664_run.log	LasR_production_output	14770	2026-07-16T21:35:08.137011+00:00	8de6ad15777aabb4a70c2f7a4bb9d9cbef6af40ad8ce61f8ab0fa03f39d45bdc
03_docking/vina_outputs/production/LasR_2UV0_2026-07-16/compound_11/run04_seed2026071664/compound_11_LasR_2UV0_run04_seed2026071664_run_record.txt	LasR_production_output	1839	2026-07-16T21:35:08.166012+00:00	3a036aeee761b7348c284a9e914871c8afc8effafca809ee4eb0badc19b7acb8
03_docking/vina_outputs/production/LasR_2UV0_2026-07-16/compound_11/run04_seed2026071664/compound_11_LasR_2UV0_run04_seed2026071664_time.log	LasR_production_output	878	2026-07-16T21:35:08.162011+00:00	342717fdcf3b47d8c0277087ffea3af9d667447f441fddeda9ea8de9bfd88761
03_docking/vina_outputs/production/LasR_2UV0_2026-07-16/compound_11/run05_seed2026071665/compound_11_LasR_2UV0_run05_seed2026071665_poses.pdbqt	LasR_production_output	40751	2026-07-16T21:35:17.475086+00:00	74abf1b3e2ea7bae0df7b2c61c43d4915c7f347f3b3327eae0b198afef56810b
03_docking/vina_outputs/production/LasR_2UV0_2026-07-16/compound_11/run05_seed2026071665/compound_11_LasR_2UV0_run05_seed2026071665_run.log	LasR_production_output	14748	2026-07-16T21:35:17.479086+00:00	a415a34db7272bc2ddf48b8bc215d3689e067bef041b2a1d7d329fd1f7e05934
03_docking/vina_outputs/production/LasR_2UV0_2026-07-16/compound_11/run05_seed2026071665/compound_11_LasR_2UV0_run05_seed2026071665_run_record.txt	LasR_production_output	1839	2026-07-16T21:35:17.526086+00:00	b9f5cfafef259384a58b8b5638254165e7f57f11cb80cbf14d69b14177954df8
03_docking/vina_outputs/production/LasR_2UV0_2026-07-16/compound_11/run05_seed2026071665/compound_11_LasR_2UV0_run05_seed2026071665_time.log	LasR_production_output	878	2026-07-16T21:35:17.520086+00:00	6c6a210af3235394a24993fa0eff57a384be5efb8092500dff68d41e776a6776
03_docking/vina_outputs/production/LasR_2UV0_2026-07-16/compound_11_orthosteric_RMSD_diagnostic_2026-07-17.txt	LasR_production_output	2205	2026-07-17T04:47:24.625594+00:00	4550a921de311dce2924831adf38f20828428e96daee81dff31414a5b7e32ed1
03_docking/vina_outputs/production/LasR_2UV0_2026-07-16/selected_representative/compound_11_LasR_2UV0_consensus_cluster1_run01_mode06.pdbqt	LasR_production_output	2022	2026-07-17T05:00:06.246519+00:00	211eb4d80bd5fc75d8cdc55f6506c9681305d1c8ca47e72fa559146e33d32623
03_docking/vina_outputs/production/LasR_2UV0_2026-07-16/selected_representative/compound_11_LasR_2UV0_consensus_cluster1_selection_record.txt	LasR_production_output	1100	2026-07-17T05:00:06.246777+00:00	e2a04333bc28e91cdf215f292f75120b4e34066bb3cced7a9f5994c82cb0a0f3
03_docking/vina_outputs/redocking/LasR_2UV0_OHN_v1_2026-07-16/LasR_2UV0_OHN_redocking_v1_poses.pdbqt	redocking_output	54591	2026-07-16T15:00:53.240357+00:00	569e290bf60213ec99e6659c0c10838f4015f85656a114eaa28519f007ecd19c
03_docking/vina_outputs/redocking/LasR_2UV0_OHN_v1_2026-07-16/LasR_2UV0_OHN_redocking_v1_run.log	redocking_output	16561	2026-07-16T15:00:53.274358+00:00	d9007064cd95315b092e045e7a0e756ab9bdfca9ccb51563432c81c367541eef
03_docking/vina_outputs/redocking/LasR_2UV0_OHN_v1_2026-07-16/LasR_2UV0_OHN_redocking_v1_time.txt	redocking_output	848	2026-07-16T15:00:53.263357+00:00	c01e8f09feb1dc56c3870ae889fce7c720d3ae1d0f1c6bceb93b5939f60c06fb
03_docking/vina_outputs/redocking/LasR_2UV0_OHN_v2_vinardo_2026-07-16/LasR_2UV0_OHN_redocking_v2_vinardo_poses.pdbqt	redocking_output	54591	2026-07-16T16:36:55.106951+00:00	29153d1fe4886f784b600edccff02762783af1921af94d9438bc993735278ad8
03_docking/vina_outputs/redocking/LasR_2UV0_OHN_v2_vinardo_2026-07-16/LasR_2UV0_OHN_redocking_v2_vinardo_run.log	redocking_output	14826	2026-07-16T16:36:55.107951+00:00	4b7a7ba1b3231d41596caa463fb0da1a5530f4c13861a844647cbe8d0db1d3bb
03_docking/vina_outputs/redocking/LasR_2UV0_OHN_v2_vinardo_2026-07-16/LasR_2UV0_OHN_redocking_v2_vinardo_run_record.txt	redocking_output	1536	2026-07-16T16:36:55.136951+00:00	4d2dd99cca020fc88d79d585832946e5ecce84d944dedc67ddf380284e00a672
03_docking/vina_outputs/redocking/LasR_2UV0_OHN_v2_vinardo_2026-07-16/LasR_2UV0_OHN_redocking_v2_vinardo_time.log	redocking_output	856	2026-07-16T16:36:55.128951+00:00	a06904fb6bb4ada1a769e32dd889cf50ccdc454728dac59b7a5c0cb9e7e9b36e
03_docking/vina_outputs/redocking/PqsR_4JVI_QZN_siteA_v1_2026-07-16/PqsR_4JVI_QZN_siteA_redocking_v1_poses.pdbqt	redocking_output	56571	2026-07-16T15:12:04.988091+00:00	5956395bd9bb4f2dc4b26eb46842d760888f19484c82f7b459bf371856acdeab
03_docking/vina_outputs/redocking/PqsR_4JVI_QZN_siteA_v1_2026-07-16/PqsR_4JVI_QZN_siteA_redocking_v1_run.log	redocking_output	16610	2026-07-16T15:12:05.020091+00:00	ce941725ca92f4e15fd67633eac9c7b5206e00515cc6b9c35c388f9789ec0ef4
03_docking/vina_outputs/redocking/PqsR_4JVI_QZN_siteA_v1_2026-07-16/PqsR_4JVI_QZN_siteA_redocking_v1_time.txt	redocking_output	854	2026-07-16T15:12:05.012091+00:00	4d3c5414bd04ee99e107e57aada68e056b87e04146d7ac58c80d7e8d0b63f590
03_docking/vina_outputs/redocking/PqsR_4JVI_QZN_siteA_v1_2026-07-16/vinardo_rescoring_diagnostic/QZN_crystallographic_pose_vina_local_only.log	redocking_output	2811	2026-07-16T16:09:36.461657+00:00	0668ebdbe2b72ce30a865eda057cd7f613bfd8f2e5fd850e6fb8a79a810f84ac
03_docking/vina_outputs/redocking/PqsR_4JVI_QZN_siteA_v1_2026-07-16/vinardo_rescoring_diagnostic/QZN_crystallographic_pose_vina_local_only.pdbqt	redocking_output	2609	2026-07-16T16:09:36.459657+00:00	c01eeb6f031a8c9f0637db588b469110dfc57db554fd0386d629d803e34739cc
03_docking/vina_outputs/redocking/PqsR_4JVI_QZN_siteA_v1_2026-07-16/vinardo_rescoring_diagnostic/QZN_crystallographic_pose_vina_score_with_box.log	redocking_output	2145	2026-07-16T16:07:38.721606+00:00	ad104468f4fd1c938a38e44ac48e97731bf8136901270d73812f20545f454240
03_docking/vina_outputs/redocking/PqsR_4JVI_QZN_siteA_v1_2026-07-16/vinardo_rescoring_diagnostic/QZN_crystallographic_pose_vinardo_local_only.log	redocking_output	2818	2026-07-16T16:09:38.142672+00:00	913ccb70fdecd5babd578f9b1165a9d05043bc2978451e00e6f3400252ce2894
03_docking/vina_outputs/redocking/PqsR_4JVI_QZN_siteA_v1_2026-07-16/vinardo_rescoring_diagnostic/QZN_crystallographic_pose_vinardo_local_only.pdbqt	redocking_output	2609	2026-07-16T16:09:38.139672+00:00	ca0ca1eab02fa3854d27000f45658f64a5248f1a0b6d393cb45616d82d386c48
03_docking/vina_outputs/redocking/PqsR_4JVI_QZN_siteA_v1_2026-07-16/vinardo_rescoring_diagnostic/QZN_crystallographic_pose_vinardo_score_with_box.log	redocking_output	2154	2026-07-16T16:07:40.370621+00:00	41adf89874f5685299f0fbbf20fdee48be8bbaf74b0b6f7594ae914afe4d8cda
03_docking/vina_outputs/redocking/PqsR_4JVI_QZN_siteA_v1_2026-07-16/vinardo_rescoring_diagnostic/QZN_mode_01.pdbqt	redocking_output	2813	2026-07-16T16:02:26.458636+00:00	16065e4c6a0aa78c719665113b44e71b6c871617c7f9df65dc870153502e2a92
03_docking/vina_outputs/redocking/PqsR_4JVI_QZN_siteA_v1_2026-07-16/vinardo_rescoring_diagnostic/QZN_mode_01_vinardo_local_only.log	redocking_output	2847	2026-07-16T16:15:15.256552+00:00	b7272e428b768975c03737f92927393775dbaa96eb989ca47c25e78a924f5e61
03_docking/vina_outputs/redocking/PqsR_4JVI_QZN_siteA_v1_2026-07-16/vinardo_rescoring_diagnostic/QZN_mode_01_vinardo_local_only.pdbqt	redocking_output	2813	2026-07-16T16:15:15.254552+00:00	be9a89ea0d77e3580fafd40b7cbe42fc55a502cf8c8c509711d4eacf6ff82c19
03_docking/vina_outputs/redocking/PqsR_4JVI_QZN_siteA_v1_2026-07-16/vinardo_rescoring_diagnostic/QZN_mode_01_vinardo_score.log	redocking_output	2486	2026-07-16T16:04:08.687644+00:00	785e050ddb49e935bd3965d2ec583d15eb5d21063fe24dacba6d592046632979
03_docking/vina_outputs/redocking/PqsR_4JVI_QZN_siteA_v1_2026-07-16/vinardo_rescoring_diagnostic/QZN_mode_01_vinardo_score_with_box.log	redocking_output	2188	2026-07-16T16:05:08.850220+00:00	30cdd0d7592a00c0f08595d7ca79b30c1b304bc67e79d8c98cf0c5ba83ac3286
03_docking/vina_outputs/redocking/PqsR_4JVI_QZN_siteA_v1_2026-07-16/vinardo_rescoring_diagnostic/QZN_mode_02.pdbqt	redocking_output	2813	2026-07-16T16:02:26.458636+00:00	8b49e3eaeece1c11b9f93c03fe6cbf70cc1e7b927b5fc4cf54c999719ad0e716
03_docking/vina_outputs/redocking/PqsR_4JVI_QZN_siteA_v1_2026-07-16/vinardo_rescoring_diagnostic/QZN_mode_03.pdbqt	redocking_output	2813	2026-07-16T16:02:26.458636+00:00	9aef30e4a7eeaa2d52bebfd9ae565ea4722b55d601862ca6ca68fd40e9a554fa
03_docking/vina_outputs/redocking/PqsR_4JVI_QZN_siteA_v1_2026-07-16/vinardo_rescoring_diagnostic/QZN_mode_04.pdbqt	redocking_output	2813	2026-07-16T16:02:26.458636+00:00	4c105b86d4a7809f447111d7b29096ad0bfaed7403346f13e3b9b8cd0e9b2e8d
03_docking/vina_outputs/redocking/PqsR_4JVI_QZN_siteA_v1_2026-07-16/vinardo_rescoring_diagnostic/QZN_mode_05.pdbqt	redocking_output	2813	2026-07-16T16:02:26.459636+00:00	a4b0f4ec095915973d356b49f1e0bd98b9abf04f4c48893121904fb316201d50
03_docking/vina_outputs/redocking/PqsR_4JVI_QZN_siteA_v1_2026-07-16/vinardo_rescoring_diagnostic/QZN_mode_06.pdbqt	redocking_output	2813	2026-07-16T16:02:26.459636+00:00	f057c071a487af50f47b9e9f6d7d03601f38bc400b4efafba1a3c05bb831a2b9
03_docking/vina_outputs/redocking/PqsR_4JVI_QZN_siteA_v1_2026-07-16/vinardo_rescoring_diagnostic/QZN_mode_07.pdbqt	redocking_output	2813	2026-07-16T16:02:26.459636+00:00	ee319e737529967eb12b0ed2c6194d112664903a00ed5a7f6106d1c9f3ff0d83
03_docking/vina_outputs/redocking/PqsR_4JVI_QZN_siteA_v1_2026-07-16/vinardo_rescoring_diagnostic/QZN_mode_08.pdbqt	redocking_output	2813	2026-07-16T16:02:26.459636+00:00	1ed24c935bc5d5aa2cde0446f66a94900a4d728da8e1b0fa4c243b9352393203
03_docking/vina_outputs/redocking/PqsR_4JVI_QZN_siteA_v1_2026-07-16/vinardo_rescoring_diagnostic/QZN_mode_08_vinardo_local_only.log	redocking_output	2847	2026-07-16T16:15:16.916566+00:00	7b7fa823e7e0306e5cd015be04281065fe0a98a1fab21d27b2e10436b26d2633
03_docking/vina_outputs/redocking/PqsR_4JVI_QZN_siteA_v1_2026-07-16/vinardo_rescoring_diagnostic/QZN_mode_08_vinardo_local_only.pdbqt	redocking_output	2813	2026-07-16T16:15:16.914566+00:00	2746ff79a55bd5db275132bb8ae4d9fdf3e90445153f9856a758c9999d554379
03_docking/vina_outputs/redocking/PqsR_4JVI_QZN_siteA_v1_2026-07-16/vinardo_rescoring_diagnostic/QZN_mode_08_vinardo_score_with_box.log	redocking_output	2188	2026-07-16T16:05:10.516236+00:00	98840cbfe24f86ceb5d2a1fa877caf3f85aea565c9356510154228d1c911d12e
03_docking/vina_outputs/redocking/PqsR_4JVI_QZN_siteA_v1_2026-07-16/vinardo_rescoring_diagnostic/QZN_mode_09.pdbqt	redocking_output	2813	2026-07-16T16:02:26.459636+00:00	f82cb426ccd3ba8e3e598830b5fbbcc3f07fe23425ff963d08e3e8a4808d1e36
03_docking/vina_outputs/redocking/PqsR_4JVI_QZN_siteA_v1_2026-07-16/vinardo_rescoring_diagnostic/QZN_mode_10.pdbqt	redocking_output	2813	2026-07-16T16:02:26.459636+00:00	a48a48f67a11778f803fdbdd85449e082356abf0097da34f51c4bfd0913e6c56
03_docking/vina_outputs/redocking/PqsR_4JVI_QZN_siteA_v1_2026-07-16/vinardo_rescoring_diagnostic/QZN_mode_11.pdbqt	redocking_output	2813	2026-07-16T16:02:26.459636+00:00	514ed9cbe58afba17ae87dd9ef62a2581aa303d78b04e5ec097c66e53320c257
03_docking/vina_outputs/redocking/PqsR_4JVI_QZN_siteA_v1_2026-07-16/vinardo_rescoring_diagnostic/QZN_mode_12.pdbqt	redocking_output	2813	2026-07-16T16:02:26.459636+00:00	f6b7bee95205d333d13f8a3029fab836d16affc0f6afd876ba015e2d92de7bf4
03_docking/vina_outputs/redocking/PqsR_4JVI_QZN_siteA_v1_2026-07-16/vinardo_rescoring_diagnostic/QZN_mode_13.pdbqt	redocking_output	2813	2026-07-16T16:02:26.459636+00:00	9cf104bcf548b3d870ea9e129bcbd00aaafcbf93ef203094d7261aaac4c8913d
03_docking/vina_outputs/redocking/PqsR_4JVI_QZN_siteA_v1_2026-07-16/vinardo_rescoring_diagnostic/QZN_mode_14.pdbqt	redocking_output	2813	2026-07-16T16:02:26.459636+00:00	b51fe50ab3a2c0bc2f0bc283f9067f4bf17a5337cdb27d8d0bf8edc49c5a6039
03_docking/vina_outputs/redocking/PqsR_4JVI_QZN_siteA_v1_2026-07-16/vinardo_rescoring_diagnostic/QZN_mode_15.pdbqt	redocking_output	2813	2026-07-16T16:02:26.459636+00:00	e80fd1c00dd36bcbc371e024d9bcb41701b91d3523aa39af2fb37ead50fd3349
03_docking/vina_outputs/redocking/PqsR_4JVI_QZN_siteA_v1_2026-07-16/vinardo_rescoring_diagnostic/QZN_mode_16.pdbqt	redocking_output	2813	2026-07-16T16:02:26.459636+00:00	b9793dc31165caa9d4c7b1241ce39e6692bbf40c6d9a53feeb75083968d17085
03_docking/vina_outputs/redocking/PqsR_4JVI_QZN_siteA_v1_2026-07-16/vinardo_rescoring_diagnostic/QZN_mode_17.pdbqt	redocking_output	2813	2026-07-16T16:02:26.459636+00:00	6232b47737d09e70ebbc25647248ab35e8e0c54f0b61da5fcf49364a90ecd739
03_docking/vina_outputs/redocking/PqsR_4JVI_QZN_siteA_v1_2026-07-16/vinardo_rescoring_diagnostic/QZN_mode_18.pdbqt	redocking_output	2813	2026-07-16T16:02:26.459636+00:00	365e2e7c67697d56aaa9c8811ea8e35b216453959bbff3d33408f9cbaf506e61
03_docking/vina_outputs/redocking/PqsR_4JVI_QZN_siteA_v1_2026-07-16/vinardo_rescoring_diagnostic/QZN_mode_19.pdbqt	redocking_output	2813	2026-07-16T16:02:26.459636+00:00	42083cf1ed1aad72872453cc2b3d868611527e747c808a4df5d6604b2c10acb4
03_docking/vina_outputs/redocking/PqsR_4JVI_QZN_siteA_v1_2026-07-16/vinardo_rescoring_diagnostic/QZN_mode_20.pdbqt	redocking_output	2813	2026-07-16T16:02:26.459636+00:00	8e682c094fc0eec36c4c4c67d741f262436143511877aeab49d5f80b6e9d6501
03_docking/vina_outputs/redocking/PqsR_4JVI_QZN_siteA_v2_vinardo_2026-07-16/PqsR_4JVI_QZN_siteA_redocking_v2_vinardo_poses.pdbqt	redocking_output	56571	2026-07-16T16:50:13.577716+00:00	ca38fd474b48e87370215e3454f1a808c1588caa2174de350b88053e97278cde
03_docking/vina_outputs/redocking/PqsR_4JVI_QZN_siteA_v2_vinardo_2026-07-16/PqsR_4JVI_QZN_siteA_redocking_v2_vinardo_run.log	redocking_output	14822	2026-07-16T16:50:13.579716+00:00	fbcf84efa75ca4c49111d76f6d1a1095cab2102db1be27a8089c3d6ade7dc447
03_docking/vina_outputs/redocking/PqsR_4JVI_QZN_siteA_v2_vinardo_2026-07-16/PqsR_4JVI_QZN_siteA_redocking_v2_vinardo_run_record.txt	redocking_output	1583	2026-07-16T16:50:13.607716+00:00	f4fcb325ca3da015f38c7c5a5fbf2f6185f843fb142c12385a17ecfbe590eb7b
03_docking/vina_outputs/redocking/PqsR_4JVI_QZN_siteA_v2_vinardo_2026-07-16/PqsR_4JVI_QZN_siteA_redocking_v2_vinardo_time.log	redocking_output	862	2026-07-16T16:50:13.601716+00:00	c91d1570172217413e74b42d4ca077b92024803f176244ce4b19fb767b42ee7d
03_docking/vina_outputs/redocking/PqsR_4JVI_QZN_siteA_v3_multiseed_vinardo_2026-07-16/run01_seed2026071611/PqsR_4JVI_QZN_siteA_v3_run01_seed2026071611_poses.pdbqt	redocking_output	56571	2026-07-16T18:00:00.467827+00:00	7925a2dc4fef36551f1d5bc1921e2a8b3836cfaba737ac62c5372d12a96d8af5
03_docking/vina_outputs/redocking/PqsR_4JVI_QZN_siteA_v3_multiseed_vinardo_2026-07-16/run01_seed2026071611/PqsR_4JVI_QZN_siteA_v3_run01_seed2026071611_run.log	redocking_output	14822	2026-07-16T18:00:00.470827+00:00	fbc13453c9866ad29d555c1e1742d7cb0e1c0cb7253f616e625c884ff9cd48a0
03_docking/vina_outputs/redocking/PqsR_4JVI_QZN_siteA_v3_multiseed_vinardo_2026-07-16/run01_seed2026071611/PqsR_4JVI_QZN_siteA_v3_run01_seed2026071611_run_record.txt	redocking_output	1753	2026-07-16T18:00:00.499827+00:00	5cbdb8ac13956e84eddcf000bf75c34efdfc6e69e86a08179e1e2314ef027f34
03_docking/vina_outputs/redocking/PqsR_4JVI_QZN_siteA_v3_multiseed_vinardo_2026-07-16/run01_seed2026071611/PqsR_4JVI_QZN_siteA_v3_run01_seed2026071611_time.log	redocking_output	862	2026-07-16T18:00:00.492827+00:00	489409db377e6010fd6c7204299df3f84065ec1fa2c43990d17993876c047766
03_docking/vina_outputs/redocking/PqsR_4JVI_QZN_siteA_v3_multiseed_vinardo_2026-07-16/run02_seed2026071612/PqsR_4JVI_QZN_siteA_v3_run02_seed2026071612_poses.pdbqt	redocking_output	56571	2026-07-16T18:00:44.125150+00:00	212228863d39e95514b1fceabcb04e0fc68bd81f4caecfec609ba378d9f28dc4
03_docking/vina_outputs/redocking/PqsR_4JVI_QZN_siteA_v3_multiseed_vinardo_2026-07-16/run02_seed2026071612/PqsR_4JVI_QZN_siteA_v3_run02_seed2026071612_run.log	redocking_output	14822	2026-07-16T18:00:44.127150+00:00	d56eacbec29374615c451016f4cddcf7fb7b88ee8e72830ef2e39930fdb2d3f5
03_docking/vina_outputs/redocking/PqsR_4JVI_QZN_siteA_v3_multiseed_vinardo_2026-07-16/run02_seed2026071612/PqsR_4JVI_QZN_siteA_v3_run02_seed2026071612_run_record.txt	redocking_output	1753	2026-07-16T18:00:44.157150+00:00	a007888a4fdb1c50cb34a2adeb74c2d9f0daaeb69abacd4159eafec103a41beb
03_docking/vina_outputs/redocking/PqsR_4JVI_QZN_siteA_v3_multiseed_vinardo_2026-07-16/run02_seed2026071612/PqsR_4JVI_QZN_siteA_v3_run02_seed2026071612_time.log	redocking_output	862	2026-07-16T18:00:44.150150+00:00	5530bf4abc731c066e95a5605a9160818ccd63333bbb489a29c4e4ee37f47699
03_docking/vina_outputs/redocking/PqsR_4JVI_QZN_siteA_v3_multiseed_vinardo_2026-07-16/run03_seed2026071613/PqsR_4JVI_QZN_siteA_v3_run03_seed2026071613_poses.pdbqt	redocking_output	56571	2026-07-16T18:01:27.669474+00:00	a58ee1f0513528df51433229f55dcf8850a548edf3988d7b75e96b4b60099766
03_docking/vina_outputs/redocking/PqsR_4JVI_QZN_siteA_v3_multiseed_vinardo_2026-07-16/run03_seed2026071613/PqsR_4JVI_QZN_siteA_v3_run03_seed2026071613_run.log	redocking_output	14824	2026-07-16T18:01:27.671474+00:00	2676e6f03ed6cb50080deba6cdcfa3af090dee05dc42cbfd656ecfad279cb567
03_docking/vina_outputs/redocking/PqsR_4JVI_QZN_siteA_v3_multiseed_vinardo_2026-07-16/run03_seed2026071613/PqsR_4JVI_QZN_siteA_v3_run03_seed2026071613_run_record.txt	redocking_output	1753	2026-07-16T18:01:27.699475+00:00	dcb5d8dfeb9a8851348e2b536f645d686deea4596787166c7da2c8e7eaf6d1fd
03_docking/vina_outputs/redocking/PqsR_4JVI_QZN_siteA_v3_multiseed_vinardo_2026-07-16/run03_seed2026071613/PqsR_4JVI_QZN_siteA_v3_run03_seed2026071613_time.log	redocking_output	862	2026-07-16T18:01:27.694474+00:00	b1fcb1b841d06dd42f63ae0d69e1772f6f324b3b9f288aca90322c4e359bd4ca
03_docking/vina_outputs/redocking/PqsR_4JVI_QZN_siteA_v3_multiseed_vinardo_2026-07-16/run04_seed2026071614/PqsR_4JVI_QZN_siteA_v3_run04_seed2026071614_poses.pdbqt	redocking_output	56571	2026-07-16T18:02:11.403801+00:00	3c92c63e67745ed5deaf5aba670ec9b1c59eac5f6c5749c21b530136302224da
03_docking/vina_outputs/redocking/PqsR_4JVI_QZN_siteA_v3_multiseed_vinardo_2026-07-16/run04_seed2026071614/PqsR_4JVI_QZN_siteA_v3_run04_seed2026071614_run.log	redocking_output	14830	2026-07-16T18:02:11.405801+00:00	d18610e799d6a75b1c22cbd75710b5f5392e1293905ee3a15a493949cd70ae83
03_docking/vina_outputs/redocking/PqsR_4JVI_QZN_siteA_v3_multiseed_vinardo_2026-07-16/run04_seed2026071614/PqsR_4JVI_QZN_siteA_v3_run04_seed2026071614_run_record.txt	redocking_output	1753	2026-07-16T18:02:11.436801+00:00	26ff1ce43b606beaff07ffb1d8dd3ebd3a714b17b2833ddd4e3bbe25e87b2331
03_docking/vina_outputs/redocking/PqsR_4JVI_QZN_siteA_v3_multiseed_vinardo_2026-07-16/run04_seed2026071614/PqsR_4JVI_QZN_siteA_v3_run04_seed2026071614_time.log	redocking_output	862	2026-07-16T18:02:11.428801+00:00	0d9841a145874e9624dae60b39bb04937acd0fe5e41218deab77f8107deb5bff
03_docking/vina_outputs/redocking/PqsR_4JVI_QZN_siteA_v3_multiseed_vinardo_2026-07-16/run05_seed2026071615/PqsR_4JVI_QZN_siteA_v3_run05_seed2026071615_poses.pdbqt	redocking_output	53742	2026-07-16T18:02:53.512117+00:00	dd9a9cc907b2bc19c7a4b735f29740b62a9877e3be165982bca953829f7288e6
03_docking/vina_outputs/redocking/PqsR_4JVI_QZN_siteA_v3_multiseed_vinardo_2026-07-16/run05_seed2026071615/PqsR_4JVI_QZN_siteA_v3_run05_seed2026071615_run.log	redocking_output	14824	2026-07-16T18:02:53.514117+00:00	0b05cfc4eb42ac6806238804c76576c3577baae3ccf25f1680d97adb2f40f1fc
03_docking/vina_outputs/redocking/PqsR_4JVI_QZN_siteA_v3_multiseed_vinardo_2026-07-16/run05_seed2026071615/PqsR_4JVI_QZN_siteA_v3_run05_seed2026071615_run_record.txt	redocking_output	1753	2026-07-16T18:02:53.542117+00:00	0f9eb6cf402e02b57baea6123e0fd1595eb2f4899d7997a2983a17161d76718c
03_docking/vina_outputs/redocking/PqsR_4JVI_QZN_siteA_v3_multiseed_vinardo_2026-07-16/run05_seed2026071615/PqsR_4JVI_QZN_siteA_v3_run05_seed2026071615_time.log	redocking_output	862	2026-07-16T18:02:53.537117+00:00	53dac13ad3dec49e1da2d1a05d4b464ece375ac1f8cec418bb0c625c0ab8ec45
03_docking/vina_outputs/redocking/PqsR_4JVI_QZN_siteA_v4_confirmatory_multiseed_vinardo_2026-07-16/run01_seed2026071621/PqsR_4JVI_QZN_siteA_v4_run01_seed2026071621_poses.pdbqt	redocking_output	53742	2026-07-16T18:36:16.587246+00:00	7c2be1768dd68a9d4b311e4da36bda0f4cd5c9836a2f2ec1e283a80d800c4580
03_docking/vina_outputs/redocking/PqsR_4JVI_QZN_siteA_v4_confirmatory_multiseed_vinardo_2026-07-16/run01_seed2026071621/PqsR_4JVI_QZN_siteA_v4_run01_seed2026071621_run.log	redocking_output	14174	2026-07-16T18:36:16.589247+00:00	1d950b7b77b1eaf99c7157271c883cf36e63ecae4dd059d8dd05fc85e8b8eca2
03_docking/vina_outputs/redocking/PqsR_4JVI_QZN_siteA_v4_confirmatory_multiseed_vinardo_2026-07-16/run01_seed2026071621/PqsR_4JVI_QZN_siteA_v4_run01_seed2026071621_run_record.txt	redocking_output	1805	2026-07-16T18:36:16.619247+00:00	05210c359ed2878411ae4af8771ada30a0fc030597e8c5b10f7bc0d8855ec26f
03_docking/vina_outputs/redocking/PqsR_4JVI_QZN_siteA_v4_confirmatory_multiseed_vinardo_2026-07-16/run01_seed2026071621/PqsR_4JVI_QZN_siteA_v4_run01_seed2026071621_time.log	redocking_output	862	2026-07-16T18:36:16.611247+00:00	e43201b75944dca6dd7cc9a028ea0be8b249ab1d92f91b2e835ea2018be0027e
03_docking/vina_outputs/redocking/PqsR_4JVI_QZN_siteA_v4_confirmatory_multiseed_vinardo_2026-07-16/run02_seed2026071622/PqsR_4JVI_QZN_siteA_v4_run02_seed2026071622_poses.pdbqt	redocking_output	56571	2026-07-16T18:36:59.918596+00:00	dd0105170beb8b6e3efc1b2f9bf9e56bfea3a832462ed09cdda1a169d278e793
03_docking/vina_outputs/redocking/PqsR_4JVI_QZN_siteA_v4_confirmatory_multiseed_vinardo_2026-07-16/run02_seed2026071622/PqsR_4JVI_QZN_siteA_v4_run02_seed2026071622_run.log	redocking_output	14824	2026-07-16T18:36:59.920596+00:00	6f479c807f5e2e4ef4745ef8e51d1dc3c5780ab2055b6608c5e44eb958dbcdf6
03_docking/vina_outputs/redocking/PqsR_4JVI_QZN_siteA_v4_confirmatory_multiseed_vinardo_2026-07-16/run02_seed2026071622/PqsR_4JVI_QZN_siteA_v4_run02_seed2026071622_run_record.txt	redocking_output	1805	2026-07-16T18:36:59.948596+00:00	e68bdef37b8998b9ef8fb1b6356a65244fd936649e7a3269ef08db90ec7bbbb8
03_docking/vina_outputs/redocking/PqsR_4JVI_QZN_siteA_v4_confirmatory_multiseed_vinardo_2026-07-16/run02_seed2026071622/PqsR_4JVI_QZN_siteA_v4_run02_seed2026071622_time.log	redocking_output	862	2026-07-16T18:36:59.943597+00:00	7c5aa2ee354ecdf64d110620ec1f4a0916e4577fcc2980f242de1a8cf94f74fb
03_docking/vina_outputs/redocking/PqsR_4JVI_QZN_siteA_v4_confirmatory_multiseed_vinardo_2026-07-16/run03_seed2026071623/PqsR_4JVI_QZN_siteA_v4_run03_seed2026071623_poses.pdbqt	redocking_output	53742	2026-07-16T18:37:42.721941+00:00	07b7e751f73862b0e2e6ce6275d9b5b1ea80f504be5ee8f9c9c95c7bf9d27f9c
03_docking/vina_outputs/redocking/PqsR_4JVI_QZN_siteA_v4_confirmatory_multiseed_vinardo_2026-07-16/run03_seed2026071623/PqsR_4JVI_QZN_siteA_v4_run03_seed2026071623_run.log	redocking_output	14823	2026-07-16T18:37:42.723942+00:00	26f16543460774b5029fdbeb5e4c52e054704adf38df402efa4a886be3227834
03_docking/vina_outputs/redocking/PqsR_4JVI_QZN_siteA_v4_confirmatory_multiseed_vinardo_2026-07-16/run03_seed2026071623/PqsR_4JVI_QZN_siteA_v4_run03_seed2026071623_run_record.txt	redocking_output	1805	2026-07-16T18:37:42.753942+00:00	f18f8986a82a1aa7f3b199b23cae81c3c614a91cd2b2f0d271aa6bcc62d0c49f
03_docking/vina_outputs/redocking/PqsR_4JVI_QZN_siteA_v4_confirmatory_multiseed_vinardo_2026-07-16/run03_seed2026071623/PqsR_4JVI_QZN_siteA_v4_run03_seed2026071623_time.log	redocking_output	862	2026-07-16T18:37:42.746942+00:00	d4895a0584d9d978e60a834897d32cc0e7abbef38e7ded05bfc9a8659cbdfad4
03_docking/vina_outputs/redocking/PqsR_4JVI_QZN_siteA_v4_confirmatory_multiseed_vinardo_2026-07-16/run04_seed2026071624/PqsR_4JVI_QZN_siteA_v4_run04_seed2026071624_poses.pdbqt	redocking_output	56571	2026-07-16T18:38:26.151291+00:00	2a089e6c12aab5444f74b5c0ee27d27b2d7f650308adaacc1c538b14fdba5c26
03_docking/vina_outputs/redocking/PqsR_4JVI_QZN_siteA_v4_confirmatory_multiseed_vinardo_2026-07-16/run04_seed2026071624/PqsR_4JVI_QZN_siteA_v4_run04_seed2026071624_run.log	redocking_output	14824	2026-07-16T18:38:26.154291+00:00	e2ddf240cec17acb96c6b3bd8721f681e9e31848f0121deccef9d758e3b87992
03_docking/vina_outputs/redocking/PqsR_4JVI_QZN_siteA_v4_confirmatory_multiseed_vinardo_2026-07-16/run04_seed2026071624/PqsR_4JVI_QZN_siteA_v4_run04_seed2026071624_run_record.txt	redocking_output	1805	2026-07-16T18:38:26.181292+00:00	d526bfea53b321af1ec116db19bb673acd5d554501b8deaf50d1f7c952c1dd98
03_docking/vina_outputs/redocking/PqsR_4JVI_QZN_siteA_v4_confirmatory_multiseed_vinardo_2026-07-16/run04_seed2026071624/PqsR_4JVI_QZN_siteA_v4_run04_seed2026071624_time.log	redocking_output	862	2026-07-16T18:38:26.176291+00:00	51785c36eb8b7af7287b3d294ffff0b5a279a0124474f615ab3b84be9def7941
03_docking/vina_outputs/redocking/PqsR_4JVI_QZN_siteA_v4_confirmatory_multiseed_vinardo_2026-07-16/run05_seed2026071625/PqsR_4JVI_QZN_siteA_v4_run05_seed2026071625_poses.pdbqt	redocking_output	56571	2026-07-16T18:39:08.340631+00:00	6b00f40b70ff2248559c0fed3d1ef14d28430e90b42af2135ee18db5662ecca0
03_docking/vina_outputs/redocking/PqsR_4JVI_QZN_siteA_v4_confirmatory_multiseed_vinardo_2026-07-16/run05_seed2026071625/PqsR_4JVI_QZN_siteA_v4_run05_seed2026071625_run.log	redocking_output	14823	2026-07-16T18:39:08.342631+00:00	13dcc25c8e2bcd0bb40864b3f59c1ce01da09015b8f8eb789aa46dc8e0454c2e
03_docking/vina_outputs/redocking/PqsR_4JVI_QZN_siteA_v4_confirmatory_multiseed_vinardo_2026-07-16/run05_seed2026071625/PqsR_4JVI_QZN_siteA_v4_run05_seed2026071625_run_record.txt	redocking_output	1805	2026-07-16T18:39:08.371631+00:00	5ef5d1bfe40580f0ea60c1c01b4fbeaac4136f8d19002b123dd98cba546e0f88
03_docking/vina_outputs/redocking/PqsR_4JVI_QZN_siteA_v4_confirmatory_multiseed_vinardo_2026-07-16/run05_seed2026071625/PqsR_4JVI_QZN_siteA_v4_run05_seed2026071625_time.log	redocking_output	862	2026-07-16T18:39:08.365631+00:00	64adfaf056400434633b8e5299320129de095d019f75bbf6201234f700f04360
03_docking/vina_outputs/redocking/PqsR_4JVI_QZN_siteA_v4_confirmatory_multiseed_vinardo_2026-07-16/run06_seed2026071626/PqsR_4JVI_QZN_siteA_v4_run06_seed2026071626_poses.pdbqt	redocking_output	56571	2026-07-16T18:39:50.330968+00:00	70920f4d67c9ff27cdc659cc25d223fe93641de34d3b41ed1c1121139c588788
03_docking/vina_outputs/redocking/PqsR_4JVI_QZN_siteA_v4_confirmatory_multiseed_vinardo_2026-07-16/run06_seed2026071626/PqsR_4JVI_QZN_siteA_v4_run06_seed2026071626_run.log	redocking_output	14827	2026-07-16T18:39:50.332968+00:00	adac5564aa662eb0f7f64dfb47dc39f881f0f5578e6b1123ec90e74f56ad9c59
03_docking/vina_outputs/redocking/PqsR_4JVI_QZN_siteA_v4_confirmatory_multiseed_vinardo_2026-07-16/run06_seed2026071626/PqsR_4JVI_QZN_siteA_v4_run06_seed2026071626_run_record.txt	redocking_output	1805	2026-07-16T18:39:50.361968+00:00	86b73fa9eb522f1e9b15a2d8fda8236d816d4115dca2936a3cecd097f1d056dd
03_docking/vina_outputs/redocking/PqsR_4JVI_QZN_siteA_v4_confirmatory_multiseed_vinardo_2026-07-16/run06_seed2026071626/PqsR_4JVI_QZN_siteA_v4_run06_seed2026071626_time.log	redocking_output	862	2026-07-16T18:39:50.355968+00:00	7301bc75998e883bd1f237c70a29284423346552932e6c28b48e247f926c73bc
03_docking/vina_outputs/redocking/PqsR_4JVI_QZN_siteA_v4_confirmatory_multiseed_vinardo_2026-07-16/run07_seed2026071627/PqsR_4JVI_QZN_siteA_v4_run07_seed2026071627_poses.pdbqt	redocking_output	56571	2026-07-16T18:40:34.009319+00:00	cb89d11ee8b1d249635c168d79129e9847f134a16db4760e219f331bee69d984
03_docking/vina_outputs/redocking/PqsR_4JVI_QZN_siteA_v4_confirmatory_multiseed_vinardo_2026-07-16/run07_seed2026071627/PqsR_4JVI_QZN_siteA_v4_run07_seed2026071627_run.log	redocking_output	14825	2026-07-16T18:40:34.011319+00:00	1f5c6c771142c06b213eef433e34850708eb268de126b05025b56464ea9905f2
03_docking/vina_outputs/redocking/PqsR_4JVI_QZN_siteA_v4_confirmatory_multiseed_vinardo_2026-07-16/run07_seed2026071627/PqsR_4JVI_QZN_siteA_v4_run07_seed2026071627_run_record.txt	redocking_output	1805	2026-07-16T18:40:34.041319+00:00	a28de8a7abf0f5404350bb32bf602806e631ee8e3a39e5caf10be8f658120282
03_docking/vina_outputs/redocking/PqsR_4JVI_QZN_siteA_v4_confirmatory_multiseed_vinardo_2026-07-16/run07_seed2026071627/PqsR_4JVI_QZN_siteA_v4_run07_seed2026071627_time.log	redocking_output	862	2026-07-16T18:40:34.033319+00:00	62a334e39fdcdaf1af74a45d2fb5752331ffb6a3a1cc62081cea0fceb2757078
03_docking/vina_outputs/redocking/PqsR_4JVI_QZN_siteA_v4_confirmatory_multiseed_vinardo_2026-07-16/run08_seed2026071628/PqsR_4JVI_QZN_siteA_v4_run08_seed2026071628_poses.pdbqt	redocking_output	56571	2026-07-16T18:41:16.459659+00:00	3cdcd51b679b44ec655c58185338f40990e2431733105923a669b693bb5a01fe
03_docking/vina_outputs/redocking/PqsR_4JVI_QZN_siteA_v4_confirmatory_multiseed_vinardo_2026-07-16/run08_seed2026071628/PqsR_4JVI_QZN_siteA_v4_run08_seed2026071628_run.log	redocking_output	14826	2026-07-16T18:41:16.461659+00:00	636db7b5d9c39ad020fd3a27fc524dbfb7b1927d8ca0ebbdf9d8f207e19cf10b
03_docking/vina_outputs/redocking/PqsR_4JVI_QZN_siteA_v4_confirmatory_multiseed_vinardo_2026-07-16/run08_seed2026071628/PqsR_4JVI_QZN_siteA_v4_run08_seed2026071628_run_record.txt	redocking_output	1805	2026-07-16T18:41:16.491659+00:00	9b573b77359a6ff6e618e8e0b885b5759cff2482a94efa95accd43fa4ef3dd64
03_docking/vina_outputs/redocking/PqsR_4JVI_QZN_siteA_v4_confirmatory_multiseed_vinardo_2026-07-16/run08_seed2026071628/PqsR_4JVI_QZN_siteA_v4_run08_seed2026071628_time.log	redocking_output	862	2026-07-16T18:41:16.484659+00:00	f5e56f1db9e33f9fd9c5e462c344c1178b8b595a359de5da1f59f6a885dbcc88
03_docking/vina_outputs/redocking/PqsR_4JVI_QZN_siteA_v4_confirmatory_multiseed_vinardo_2026-07-16/run09_seed2026071629/PqsR_4JVI_QZN_siteA_v4_run09_seed2026071629_poses.pdbqt	redocking_output	56571	2026-07-16T18:41:59.661005+00:00	03306c95805cac2d1ca29d007f754705ef3a9756e29e2faf747284636f9f9616
03_docking/vina_outputs/redocking/PqsR_4JVI_QZN_siteA_v4_confirmatory_multiseed_vinardo_2026-07-16/run09_seed2026071629/PqsR_4JVI_QZN_siteA_v4_run09_seed2026071629_run.log	redocking_output	14824	2026-07-16T18:41:59.663006+00:00	c281988edde1c1b5d87864a76c0955d1f2b7c9579c8e5aa051746f7b8806d240
03_docking/vina_outputs/redocking/PqsR_4JVI_QZN_siteA_v4_confirmatory_multiseed_vinardo_2026-07-16/run09_seed2026071629/PqsR_4JVI_QZN_siteA_v4_run09_seed2026071629_run_record.txt	redocking_output	1805	2026-07-16T18:41:59.692006+00:00	f699437475395fc0d4177eda8c73c4313191028c7693d332e88a492793ea6e8d
03_docking/vina_outputs/redocking/PqsR_4JVI_QZN_siteA_v4_confirmatory_multiseed_vinardo_2026-07-16/run09_seed2026071629/PqsR_4JVI_QZN_siteA_v4_run09_seed2026071629_time.log	redocking_output	862	2026-07-16T18:41:59.686006+00:00	bd3f740f0da7bedf0a59ae0347ffcfa65c6d03de285827141a025d39eead6d0a
03_docking/vina_outputs/redocking/PqsR_4JVI_QZN_siteA_v4_confirmatory_multiseed_vinardo_2026-07-16/run10_seed2026071630/PqsR_4JVI_QZN_siteA_v4_run10_seed2026071630_poses.pdbqt	redocking_output	56571	2026-07-16T18:42:44.408364+00:00	ad88554563daaa703457658db7e0da059e5a20146cca094732e82a5677b27e68
03_docking/vina_outputs/redocking/PqsR_4JVI_QZN_siteA_v4_confirmatory_multiseed_vinardo_2026-07-16/run10_seed2026071630/PqsR_4JVI_QZN_siteA_v4_run10_seed2026071630_run.log	redocking_output	14821	2026-07-16T18:42:44.410364+00:00	db6aa8f079ca7970be4cf1223172a89816f453e7be7844a1c7cad17b7f93861f
03_docking/vina_outputs/redocking/PqsR_4JVI_QZN_siteA_v4_confirmatory_multiseed_vinardo_2026-07-16/run10_seed2026071630/PqsR_4JVI_QZN_siteA_v4_run10_seed2026071630_run_record.txt	redocking_output	1805	2026-07-16T18:42:44.439364+00:00	88d9f8e04c3af3cd4c696230d9551e6e936c2f043e8822b6446fa72ccc627af4
03_docking/vina_outputs/redocking/PqsR_4JVI_QZN_siteA_v4_confirmatory_multiseed_vinardo_2026-07-16/run10_seed2026071630/PqsR_4JVI_QZN_siteA_v4_run10_seed2026071630_time.log	redocking_output	862	2026-07-16T18:42:44.433364+00:00	3cebc124f576f186edcb377eb3725fecfbc7382fae425bf5b8fe0a66dbf9ea24
03_docking/vina_outputs/redocking/step9_PqsR_validation_v3_multiseed_top5_status_2026-07-16.txt	redocking_output	2847	2026-07-16T18:12:07.708343+00:00	aabc3e3e264dfe7a09fc3174f894b474bd9788a6b2751d8009cb79a27332802d
03_docking/vina_outputs/redocking/step9_PqsR_validation_v4_confirmatory_top7_status_2026-07-16.txt	redocking_output	3937	2026-07-16T18:48:36.995180+00:00	10171246a6b42a05cffc52ec739d775e7cd935540f85e22430a8adc0d5ce36dc
03_docking/vina_outputs/redocking/step9_redocking_validation_v2_vinardo_status_2026-07-16.txt	redocking_output	1894	2026-07-16T17:06:13.545033+00:00	7e48112867feebdf084e90fa2ffb6d0d9b3d944c98f6bee1d15d91977594c0bf
03_docking/vina_outputs/redocking/step9_reference_ligand_heavy_atom_symmetry_audit_2026-07-16.txt	redocking_output	1861	2026-07-16T18:24:44.414544+00:00	36549e32733bdb16d3b0c66cb9a49775dd4c759e52936bf56528014aa5835de3
03_docking/visual_qc/LasR_2UV0_2026-07-19/windows_chimerax_1.11.1/images/final/LasR_STEP9_compound_11_publication_view.png	visual_qc	357322	2026-07-19T15:44:23.816233+00:00	26669f70db5ae53110d6da777708c0db6842dbe0e689239f5897e0e243df0435
03_docking/visual_qc/LasR_2UV0_2026-07-19/windows_chimerax_1.11.1/records/LasR_STEP9_visual_QC_checklist_FINAL_2026-07-19.tsv	visual_qc	776	2026-07-19T16:24:51.568035+00:00	c19e5149165832798b7c3dbbe971e5a16816af0cb9431a26489c3c4824b94ff9
03_docking/visual_qc/LasR_2UV0_2026-07-19/windows_chimerax_1.11.1/records/LasR_STEP9_visual_QC_closure_record_2026-07-19.txt	visual_qc	1806	2026-07-19T16:24:51.568158+00:00	d5c68c455022993bbb285c973cf2e47c254c9eb95fa81ac5574b7a8cdd598146
03_docking/visual_qc/LasR_2UV0_2026-07-19/windows_chimerax_1.11.1/records/LasR_STEP9_windows_visual_QC_transfer_record_2026-07-19.txt	visual_qc	2074	2026-07-19T16:02:37.090634+00:00	f4205151058fbb4690447262547d877706e19b71f1463692da3a17c2edb34b4e
03_docking/visual_qc/LasR_2UV0_2026-07-19/windows_chimerax_1.11.1/records/sha256_LasR_STEP9_visual_QC_closure_2026-07-19.txt	visual_qc	751	2026-07-19T16:24:51.569583+00:00	22d05c2222b6737e43c16e16895c5e3c933622dab97833cc26440199728c7d11
03_docking/visual_qc/LasR_2UV0_2026-07-19/windows_chimerax_1.11.1/records/sha256_LasR_STEP9_windows_visual_QC_2026-07-19.txt	visual_qc	368	2026-07-19T16:02:37.089636+00:00	33af845e78409dc1a69473d6d7da21425ee7a0ca5825323f19c323660c7d8e3e
03_docking/visual_qc/LasR_2UV0_2026-07-19/windows_chimerax_1.11.1/sessions/LasR_STEP9_compound_11_QC_session.cxs	visual_qc	62078	2026-07-19T15:44:23.391229+00:00	a4cc99a68d5f8eeca67ec49d4797a660bb638e877c34a32fa4294478e0b1556c
03_docking/visual_qc/PqsR_4JVI_2026-07-17/windows_chimerax_1.11.1/images/final/PqsR_STEP9_compound_08_publication_view.png	visual_qc	912018	2026-07-19T14:53:14.322787+00:00	a574cc5a400d46f557bf5e14f129eb7941bb19764b4123b74e8110761f430c66
03_docking/visual_qc/PqsR_4JVI_2026-07-17/windows_chimerax_1.11.1/images/final/PqsR_STEP9_compound_09_publication_view.png	visual_qc	847038	2026-07-19T14:53:14.575789+00:00	afc8c9f72dadfd1abe5d5e77f2d01f4382b743e89f1a463ffb0be0ee60c67f77
03_docking/visual_qc/PqsR_4JVI_2026-07-17/windows_chimerax_1.11.1/images/final/PqsR_STEP9_compound_11_publication_view.png	visual_qc	489613	2026-07-19T14:53:14.319787+00:00	2157d2f79c357ec9c5ee62893eda9d4e89f97986cdf077b07fc18379c1b54839
03_docking/visual_qc/PqsR_4JVI_2026-07-17/windows_chimerax_1.11.1/records/PqsR_STEP9_visual_QC_checklist_FINAL_2026-07-19.tsv	visual_qc	1511	2026-07-19T15:14:22.835969+00:00	38945f4d7f88d4843331bb6a72672157f6221c682c30317ed763110ef16c5564
03_docking/visual_qc/PqsR_4JVI_2026-07-17/windows_chimerax_1.11.1/records/PqsR_STEP9_visual_QC_closure_record_2026-07-19.txt	visual_qc	2042	2026-07-19T15:14:22.836102+00:00	960b7be335c38a79b983bbf51e1b69ace240a03ea8be7fd880fe414974388035
03_docking/visual_qc/PqsR_4JVI_2026-07-17/windows_chimerax_1.11.1/records/PqsR_STEP9_windows_visual_QC_transfer_record_2026-07-19.txt	visual_qc	3145	2026-07-19T15:04:40.633308+00:00	1af78797c3f70470f595b1b433f0b11f063b2b593da3c1d09913600b6b6d8eae
03_docking/visual_qc/PqsR_4JVI_2026-07-17/windows_chimerax_1.11.1/records/sha256_PqsR_STEP9_visual_QC_closure_2026-07-19.txt	visual_qc	1466	2026-07-19T15:14:22.841426+00:00	bf1905b7212fa9265a4e647d2d76eaea720a0b3ad985b233e85de2a1fd1806f4
03_docking/visual_qc/PqsR_4JVI_2026-07-17/windows_chimerax_1.11.1/records/sha256_PqsR_STEP9_windows_visual_QC_2026-07-19.txt	visual_qc	1083	2026-07-19T15:04:40.628024+00:00	d856ddfe52487ecf2086f3857a0d3a062d2b4d55200a201cdb7c85320b5040e0
03_docking/visual_qc/PqsR_4JVI_2026-07-17/windows_chimerax_1.11.1/sessions/PqsR_compound08_QC_session.cxs	visual_qc	155462	2026-07-19T14:53:12.226772+00:00	9c8f56c52427bfac198509d103ef805678d129e455f45baff645163803f68f45
03_docking/visual_qc/PqsR_4JVI_2026-07-17/windows_chimerax_1.11.1/sessions/PqsR_compound09_QC_session.cxs	visual_qc	152469	2026-07-19T14:53:12.866776+00:00	41d5054843d9dd3e422224aba346d14bf79e9744981f7fa8ff362298d7fe7e5e
03_docking/visual_qc/PqsR_4JVI_2026-07-17/windows_chimerax_1.11.1/sessions/PqsR_compound11_QC_session.cxs	visual_qc	148518	2026-07-19T14:53:13.001777+00:00	6864da688332ba67c4d4ef89702b299b7cf9c5a349c618fa66587b962425a4d3
99_logs_versions_checksums/checksums/sha256_step7_receptors_2026-07-15.txt	checksum_or_inventory	3090	2026-07-15T19:38:04.613588+00:00	b3c34c0abfed66440ef8773a67debd6ffc2b85ca64ad00e0d67e9e57aaa15fdb
99_logs_versions_checksums/checksums/sha256_step8_ligands_2026-07-16.txt	checksum_or_inventory	2635	2026-07-16T09:59:07.811452+00:00	68e799bcb7245f3e57e33805d61b4f8c622682d67caecec7fd4b0f67cfcd1f82
99_logs_versions_checksums/checksums/sha256_step8c_reference_ligands_2026-07-16.txt	checksum_or_inventory	2103	2026-07-16T11:20:37.208368+00:00	756569c5f60d682096c732c9fe7789a193f9162f6c50a89d0222384e378da7e8
99_logs_versions_checksums/checksums/sha256_step8d_docking_boxes_2026-07-16.txt	checksum_or_inventory	969	2026-07-16T12:01:39.745041+00:00	52f92d7eebea1588984835493abac63234a03e5f227b80e1e93f57821ce062cb
99_logs_versions_checksums/checksums/sha256_step9_LasR_production_PLIP_2026-07-17.txt	checksum_or_inventory	18603	2026-07-17T08:24:14.354584+00:00	d7e7a3998fa7976c5a790eb4f65ff0d2b21fb9ae4819e0cd3e96162c93f5d5d8
99_logs_versions_checksums/checksums/sha256_step9_PqsR_exploratory_PLIP_2026-07-19.txt	checksum_or_inventory	26181	2026-07-19T17:37:20.786901+00:00	b166118883899572b359805590a268d9c854b3a180f0f46d6a5ed968707fc5a8
99_logs_versions_checksums/checksums/sha256_step9_redocking_complete_2026-07-19.txt	checksum_or_inventory	27098	2026-07-19T17:37:20.799416+00:00	2fe2c38fb838c5bf081b2751353e7de5ada1f062032d8e78ded48b34749f6971
99_logs_versions_checksums/run_logs/step9_global_run_log_2026-07-19.md	run_log	3319	2026-07-19T17:37:21.483764+00:00	ccb913985f12b867e27578dc44cacc90e5e07019180f09e379e5f1292785e6f7
99_logs_versions_checksums/software_versions/step9_software_versions_2026-07-19.txt	software_versions	731	2026-07-19T17:37:21.476554+00:00	314dc66732d52dba0d01754f3f35d4af1d7376dd02d36daba51d78a890a18a4e
99_logs_versions_checksums/status/step9_LasR_production_PLIP_status_2026-07-17.txt	status	2120	2026-07-17T08:24:14.354721+00:00	494fb388c683e69a8d7cd1b79f5e48954edf0f647bf6718d168cd4b7c202b91b
